repository,version,mode,queryId,track,status,queryMs,firstRealQuery,setupFailure,bodyGradeable,concreteImplementationClosureGradeable,fileHitAt1,fileHitAt5,fileMrrAt10,fileNdcgAt10,structuredResultsContent.bodyExactlyMatchesCitedSourceAt5,structuredResultsContent.fullDeclarationRangeCoveredAt5,structuredResultsContent.fullDeclarationTextAndRangeReturnedAt5,structuredResultsContent.fullDeclarationTextReturnedAt5,structuredResultsContent.originalSupportingCoveredAt5,structuredResultsContent.originalSupportingOverlapAt5,structuredResultsContent.targetIdentityAt5,visibleFencedText.bodyExactlyMatchesCitedSourceAt5,visibleFencedText.fullDeclarationRangeCoveredAt5,visibleFencedText.fullDeclarationTextAndRangeReturnedAt5,visibleFencedText.fullDeclarationTextReturnedAt5,visibleFencedText.originalSupportingCoveredAt5,visibleFencedText.originalSupportingOverlapAt5,visibleFencedText.targetIdentityAt5
rs,source-candidate,hybrid,rs-explicit-06,explicit,success,19.65362499999901,True,False,True,False,1,1,1.0,1.0,1,1,1,1,1,1,1,1,1,1,1,1,1,1
rs,source-candidate,hybrid,rs-explicit-02,explicit,success,15.906166000000667,False,False,True,False,1,1,1.0,1.0,1,1,1,1,1,1,1,1,1,1,1,1,1,1
rs,source-candidate,hybrid,rs-natural-03,natural,success,48.392457999994804,False,False,False,False,1,1,1.0,1.0,,,,,,,,,,,,,,
rs,source-candidate,hybrid,rs-explicit-01,explicit,success,39.094167000002926,False,False,True,False,0,0,0,0.0,1,0,0,0,0,0,0,1,0,0,0,0,0,0
rs,source-candidate,hybrid,rs-explicit-04,explicit,success,13.453540999995312,False,False,True,False,1,1,1.0,1.0,1,1,1,1,1,1,1,1,1,1,1,1,1,1
rs,source-candidate,hybrid,rs-natural-05,natural,success,41.76929199999722,False,False,False,False,0,1,0.25,0.43067655807339306,,,,,,,,,,,,,,
rs,source-candidate,hybrid,rs-natural-01,natural,success,38.4297910000023,False,False,False,False,0,1,0.3333333333333333,0.5,,,,,,,,,,,,,,
rs,source-candidate,hybrid,rs-explicit-05,explicit,success,13.798208000000159,False,False,True,False,1,1,1.0,1.0,1,1,1,1,1,1,1,1,1,1,1,1,1,1
rs,source-candidate,hybrid,rs-natural-02,natural,success,39.51854199999798,False,False,False,False,0,0,0.16666666666666666,0.3562071871080222,,,,,,,,,,,,,,
rs,source-candidate,hybrid,rs-explicit-03,explicit,success,14.684000000001106,False,False,True,False,1,1,1.0,1.0,1,1,1,1,1,1,1,1,1,1,1,1,1,1
rs,source-candidate,hybrid,rs-natural-04,natural,success,64.07062500000029,False,False,False,False,0,1,0.3333333333333333,0.5,,,,,,,,,,,,,,
rs,published-0.36.2,hybrid,rs-explicit-06,explicit,success,14.256124999999884,True,False,True,False,1,1,1.0,1.0,1,1,1,1,1,1,1,1,1,1,1,1,1,1
rs,published-0.36.2,hybrid,rs-explicit-02,explicit,success,14.048875000007683,False,False,True,False,1,1,1.0,1.0,1,1,1,1,1,1,1,0,1,0,0,1,1,1
rs,published-0.36.2,hybrid,rs-natural-03,natural,success,44.78937500000757,False,False,False,False,1,1,1.0,1.0,,,,,,,,,,,,,,
rs,published-0.36.2,hybrid,rs-explicit-01,explicit,success,15.194582999989507,False,False,True,False,0,1,0.25,0.43067655807339306,1,0,0,0,0,0,0,1,0,0,0,0,0,0
rs,published-0.36.2,hybrid,rs-explicit-04,explicit,success,13.68145899999945,False,False,True,False,1,1,1.0,1.0,1,1,1,1,1,1,1,1,1,1,1,1,1,1
rs,published-0.36.2,hybrid,rs-natural-05,natural,success,31.941165999989607,False,False,False,False,0,1,0.25,0.43067655807339306,,,,,,,,,,,,,,
rs,published-0.36.2,hybrid,rs-natural-01,natural,success,32.468499999988126,False,False,False,False,0,1,0.3333333333333333,0.5,,,,,,,,,,,,,,
rs,published-0.36.2,hybrid,rs-explicit-05,explicit,success,13.363833000010345,False,False,True,False,1,1,1.0,1.0,1,1,1,1,1,1,1,1,1,1,1,1,1,1
rs,published-0.36.2,hybrid,rs-natural-02,natural,success,38.8959579999937,False,False,False,False,0,0,0.16666666666666666,0.3562071871080222,,,,,,,,,,,,,,
rs,published-0.36.2,hybrid,rs-explicit-03,explicit,success,12.572041999999783,False,False,True,False,1,1,1.0,1.0,1,1,1,1,1,1,1,0,1,0,0,1,1,1
rs,published-0.36.2,hybrid,rs-natural-04,natural,success,45.742499999993015,False,False,False,False,0,1,0.3333333333333333,0.5,,,,,,,,,,,,,,
kt,source-candidate,hybrid,kt-natural-01,natural,success,76.878624999983,True,False,False,False,0,1,0.5,0.6309297535714575,,,,,,,,,,,,,,
kt,source-candidate,hybrid,kt-explicit-01,explicit,success,81.00829199998407,False,False,True,False,1,1,1.0,1.0,1,1,1,1,1,1,1,1,1,1,1,1,1,1
kt,source-candidate,hybrid,kt-natural-04,natural,success,60.95395900000585,False,False,False,False,0,0,0,0.0,,,,,,,,,,,,,,
kt,source-candidate,hybrid,kt-explicit-06,explicit,success,73.19154199998593,False,False,True,False,1,1,1.0,1.0,1,1,1,1,1,1,1,1,1,1,1,1,1,1
kt,source-candidate,hybrid,kt-explicit-04,explicit,success,72.75991599998088,False,False,True,False,1,1,1.0,1.0,1,1,1,1,1,1,1,1,1,1,1,1,1,1
kt,source-candidate,hybrid,kt-explicit-02,explicit,success,78.26554200000828,False,False,True,False,1,1,1.0,1.0,1,1,1,1,1,1,1,1,1,1,1,1,1,1
kt,source-candidate,hybrid,kt-natural-05,natural,success,43.1907910000009,False,False,False,False,1,1,1.0,1.0,,,,,,,,,,,,,,
kt,source-candidate,hybrid,kt-explicit-03,explicit,success,73.73829199999454,False,False,True,False,1,1,1.0,1.0,1,1,1,1,1,1,1,1,1,1,1,1,1,1
kt,source-candidate,hybrid,kt-natural-02,natural,success,43.96745799999917,False,False,False,False,0,1,0.5,0.6309297535714575,,,,,,,,,,,,,,
kt,source-candidate,hybrid,kt-explicit-05,explicit,success,76.06429199999548,False,False,True,False,1,1,1.0,1.0,1,1,1,1,1,1,1,1,1,1,1,1,1,1
kt,source-candidate,hybrid,kt-natural-03,natural,success,65.52920900000026,False,False,False,False,0,0,0.16666666666666666,0.3562071871080222,,,,,,,,,,,,,,
kt,published-0.36.2,hybrid,kt-natural-01,natural,success,73.25237499998184,True,False,False,False,0,1,0.5,0.6309297535714575,,,,,,,,,,,,,,
kt,published-0.36.2,hybrid,kt-explicit-01,explicit,success,74.80508399999235,False,False,True,False,1,1,1.0,1.0,1,1,1,1,1,1,1,0,1,0,0,1,1,1
kt,published-0.36.2,hybrid,kt-natural-04,natural,success,61.631750000000466,False,False,False,False,0,0,0,0.0,,,,,,,,,,,,,,
kt,published-0.36.2,hybrid,kt-explicit-06,explicit,success,73.58954099996481,False,False,True,False,1,1,1.0,1.0,1,1,1,1,1,1,1,1,1,1,1,1,1,1
kt,published-0.36.2,hybrid,kt-explicit-04,explicit,success,74.74716700002318,False,False,True,False,1,1,1.0,1.0,1,1,1,1,1,1,1,1,1,1,1,1,1,1
kt,published-0.36.2,hybrid,kt-explicit-02,explicit,success,74.87508399999933,False,False,True,False,1,1,1.0,1.0,1,1,1,1,1,1,1,0,1,0,0,1,1,1
kt,published-0.36.2,hybrid,kt-natural-05,natural,success,40.7642909999704,False,False,False,False,1,1,1.0,1.0,,,,,,,,,,,,,,
kt,published-0.36.2,hybrid,kt-explicit-03,explicit,success,74.69158300000709,False,False,True,False,1,1,1.0,1.0,1,1,1,1,1,1,1,0,1,0,0,1,1,1
kt,published-0.36.2,hybrid,kt-natural-02,natural,success,44.2946660000016,False,False,False,False,0,1,0.5,0.6309297535714575,,,,,,,,,,,,,,
kt,published-0.36.2,hybrid,kt-explicit-05,explicit,success,72.13104200002272,False,False,True,False,1,1,1.0,1.0,1,1,1,1,1,1,1,1,1,1,1,1,1,1
kt,published-0.36.2,hybrid,kt-natural-03,natural,success,58.20945900003426,False,False,False,False,0,0,0.16666666666666666,0.3562071871080222,,,,,,,,,,,,,,
js,source-candidate,structural,js-natural-05,natural,success,16.75162499997532,True,False,False,False,1,1,1.0,1.0,,,,,,,,,,,,,,
js,source-candidate,structural,js-natural-03,natural,success,8.489499999966938,False,False,False,False,0,1,0.25,0.43067655807339306,,,,,,,,,,,,,,
js,source-candidate,structural,js-explicit-03,explicit,success,9.839166999969166,False,False,True,False,1,1,1.0,1.0,1,1,1,1,1,1,1,1,1,1,1,1,1,1
js,source-candidate,structural,js-explicit-01,explicit,success,3.4756669999915175,False,False,True,False,1,1,1.0,1.0,1,1,1,1,1,1,1,1,1,1,1,1,1,1
js,source-candidate,structural,js-explicit-05,explicit,success,3.2783330000238493,False,False,True,False,1,1,1.0,1.0,1,1,1,1,1,1,1,1,1,1,1,1,1,1
js,source-candidate,structural,js-natural-04,natural,success,15.577958000008948,False,False,False,False,1,1,1.0,1.0,,,,,,,,,,,,,,
js,source-candidate,structural,js-natural-02,natural,success,13.277916999999434,False,False,False,False,0,1,0.3333333333333333,0.5,,,,,,,,,,,,,,
js,source-candidate,structural,js-explicit-04,explicit,success,4.240707999968436,False,False,True,False,1,1,1.0,1.0,1,1,1,1,1,1,1,1,1,1,1,1,1,1
js,source-candidate,structural,js-natural-01,natural,success,5.597249999991618,False,False,False,False,0,1,0.5,0.6309297535714575,,,,,,,,,,,,,,
js,source-candidate,structural,js-explicit-06,explicit,success,4.222624999994878,False,False,True,False,1,1,1.0,1.0,1,1,1,1,1,1,1,1,1,1,1,1,1,1
js,source-candidate,structural,js-explicit-02,explicit,success,3.2727909999666736,False,False,True,False,1,1,1.0,1.0,1,1,1,1,1,1,1,1,1,1,1,1,1,1
js,published-0.36.2,structural,js-natural-05,natural,success,16.417792000051122,True,False,False,False,1,1,1.0,1.0,,,,,,,,,,,,,,
js,published-0.36.2,structural,js-natural-03,natural,success,7.909999999974389,False,False,False,False,0,1,0.25,0.43067655807339306,,,,,,,,,,,,,,
js,published-0.36.2,structural,js-explicit-03,explicit,success,4.26462500001071,False,False,True,False,1,1,1.0,1.0,1,1,1,1,1,1,1,0,1,0,0,1,1,1
js,published-0.36.2,structural,js-explicit-01,explicit,success,3.363625000056345,False,False,True,False,1,1,1.0,1.0,1,1,1,1,1,1,1,1,1,1,1,1,1,1
js,published-0.36.2,structural,js-explicit-05,explicit,success,3.178667000029236,False,False,True,False,1,1,1.0,1.0,1,1,1,1,1,1,1,1,1,1,1,1,1,1
js,published-0.36.2,structural,js-natural-04,natural,success,19.959124999993946,False,False,False,False,1,1,1.0,1.0,,,,,,,,,,,,,,
js,published-0.36.2,structural,js-natural-02,natural,success,14.019582999986596,False,False,False,False,1,1,1.0,1.0,,,,,,,,,,,,,,
js,published-0.36.2,structural,js-explicit-04,explicit,success,3.335958000039682,False,False,True,False,1,1,1.0,1.0,1,1,1,1,1,1,1,1,1,1,1,1,1,1
js,published-0.36.2,structural,js-natural-01,natural,success,5.536542000016198,False,False,False,False,0,1,0.3333333333333333,0.5,,,,,,,,,,,,,,
js,published-0.36.2,structural,js-explicit-06,explicit,success,3.398958000005223,False,False,True,False,1,1,1.0,1.0,1,1,1,1,1,1,1,1,1,1,1,1,1,1
js,published-0.36.2,structural,js-explicit-02,explicit,success,2.947875000012573,False,False,True,False,1,1,1.0,1.0,1,1,1,1,1,1,1,1,1,1,1,1,1,1
cs,source-candidate,hybrid,cs-explicit-05,explicit,success,28.083417000016198,True,False,True,False,1,1,1.0,1.0,0,1,1,1,1,1,1,1,1,0,0,1,1,1
cs,source-candidate,hybrid,cs-explicit-01,explicit,success,22.072082999977283,False,False,True,False,1,1,1.0,1.0,0,1,1,1,1,1,1,1,1,0,0,1,1,1
cs,source-candidate,hybrid,cs-natural-01,natural,success,59.52870800002711,False,False,False,False,0,0,0,0.0,,,,,,,,,,,,,,
cs,source-candidate,hybrid,cs-natural-04,natural,success,35.886708999983966,False,False,False,False,0,1,0.5,0.6309297535714575,,,,,,,,,,,,,,
cs,source-candidate,hybrid,cs-explicit-04,explicit,success,23.443000000028405,False,False,True,False,1,1,1.0,1.0,0,1,1,1,1,1,1,1,1,0,0,1,1,1
cs,source-candidate,hybrid,cs-explicit-02,explicit,success,22.141416999977082,False,False,True,False,1,1,1.0,1.0,0,1,1,1,1,1,1,1,1,0,0,1,1,1
cs,source-candidate,hybrid,cs-natural-05,natural,success,50.08666600001743,False,False,False,False,0,1,0.3333333333333333,0.5,,,,,,,,,,,,,,
cs,source-candidate,hybrid,cs-natural-02,natural,success,30.5339999999851,False,False,False,False,0,1,0.3333333333333333,0.5,,,,,,,,,,,,,,
cs,source-candidate,hybrid,cs-explicit-03,explicit,success,21.446166999987327,False,False,True,False,1,1,1.0,1.0,0,1,1,1,1,1,1,1,1,0,0,1,1,1
cs,source-candidate,hybrid,cs-natural-03,natural,success,35.794083999993745,False,False,False,False,0,0,0.1,0.2890648263178879,,,,,,,,,,,,,,
cs,source-candidate,hybrid,cs-explicit-06,explicit,success,21.18983400001889,False,False,True,False,1,1,1.0,1.0,0,1,1,1,1,1,1,1,1,0,0,1,1,1
cs,published-0.36.2,hybrid,cs-explicit-05,explicit,success,23.117250000010245,True,False,True,False,1,1,1.0,1.0,0,1,1,1,1,1,1,1,1,0,0,1,1,1
cs,published-0.36.2,hybrid,cs-explicit-01,explicit,success,20.623041999991983,False,False,True,False,1,1,1.0,1.0,0,1,1,1,1,1,1,0,1,0,0,1,1,1
cs,published-0.36.2,hybrid,cs-natural-01,natural,success,68.68425000004936,False,False,False,False,0,0,0,0.0,,,,,,,,,,,,,,
cs,published-0.36.2,hybrid,cs-natural-04,natural,success,38.24829100002535,False,False,False,False,0,1,0.5,0.6309297535714575,,,,,,,,,,,,,,
cs,published-0.36.2,hybrid,cs-explicit-04,explicit,success,21.22970800002804,False,False,True,False,1,1,1.0,1.0,0,1,1,1,1,1,1,1,1,0,0,1,1,1
cs,published-0.36.2,hybrid,cs-explicit-02,explicit,success,20.353332999977283,False,False,True,False,1,1,1.0,1.0,0,1,1,1,1,1,1,0,1,0,0,1,1,1
cs,published-0.36.2,hybrid,cs-natural-05,natural,success,51.77229100000113,False,False,False,False,0,1,0.3333333333333333,0.5,,,,,,,,,,,,,,
cs,published-0.36.2,hybrid,cs-natural-02,natural,success,44.066083000041544,False,False,False,False,0,1,0.3333333333333333,0.5,,,,,,,,,,,,,,
cs,published-0.36.2,hybrid,cs-explicit-03,explicit,success,20.715208999987226,False,False,True,False,1,1,1.0,1.0,0,1,1,1,1,1,1,0,1,0,0,1,1,1
cs,published-0.36.2,hybrid,cs-natural-03,natural,success,50.97137499996461,False,False,False,False,0,0,0.1,0.2890648263178879,,,,,,,,,,,,,,
cs,published-0.36.2,hybrid,cs-explicit-06,explicit,success,21.542208999977447,False,False,True,False,1,1,1.0,1.0,0,1,1,1,1,1,1,1,1,0,0,1,1,1
ts,source-candidate,structural,ts-natural-01,natural,success,31.520000000018626,True,False,False,False,0,0,0,0.0,,,,,,,,,,,,,,
ts,source-candidate,structural,ts-explicit-02,explicit,success,51.86316699994495,False,False,True,False,1,1,1.0,1.0,1,1,1,1,1,1,1,1,1,1,1,1,1,1
ts,source-candidate,structural,ts-natural-02,natural,success,8.975833000033163,False,False,False,False,0,0,0,0.0,,,,,,,,,,,,,,
ts,source-candidate,structural,ts-explicit-06,explicit,success,45.80991700000595,False,False,True,False,1,1,1.0,1.0,1,1,1,1,1,1,1,1,1,1,1,1,1,1
ts,source-candidate,structural,ts-natural-05,natural,success,12.618874999985565,False,False,False,False,0,0,0,0.0,,,,,,,,,,,,,,
ts,source-candidate,structural,ts-natural-04,natural,success,15.76258300000336,False,False,False,False,0,0,0,0.0,,,,,,,,,,,,,,
ts,source-candidate,structural,ts-explicit-01,explicit,success,45.65495799999917,False,False,True,False,1,1,1.0,1.0,1,1,1,1,1,1,1,1,1,1,1,1,1,1
ts,source-candidate,structural,ts-explicit-05,explicit,success,44.40604199998779,False,False,True,False,1,1,1.0,1.0,1,1,1,1,1,1,1,1,1,1,1,1,1,1
ts,source-candidate,structural,ts-explicit-04,explicit,success,43.69791599997552,False,False,True,False,1,1,1.0,1.0,1,1,1,1,1,1,1,1,1,1,1,1,1,1
ts,source-candidate,structural,ts-natural-03,natural,success,11.195874999975786,False,False,False,False,0,0,0,0.0,,,,,,,,,,,,,,
ts,source-candidate,structural,ts-explicit-03,explicit,success,43.817625000025146,False,False,True,False,1,1,1.0,1.0,1,1,1,1,1,1,1,1,1,1,1,1,1,1
ts,published-0.36.2,structural,ts-natural-01,natural,success,38.53254200005904,True,False,False,False,0,0,0,0.0,,,,,,,,,,,,,,
ts,published-0.36.2,structural,ts-explicit-02,explicit,success,44.92958400002681,False,False,True,False,1,1,1.0,1.0,1,1,1,1,1,1,1,0,1,0,0,1,1,1
ts,published-0.36.2,structural,ts-natural-02,natural,success,8.618541999952868,False,False,False,False,0,0,0,0.0,,,,,,,,,,,,,,
ts,published-0.36.2,structural,ts-explicit-06,explicit,success,44.754833000013605,False,False,True,False,1,1,1.0,1.0,1,1,1,1,1,1,1,1,1,1,1,1,1,1
ts,published-0.36.2,structural,ts-natural-05,natural,success,13.006125000072643,False,False,False,False,0,0,0,0.0,,,,,,,,,,,,,,
ts,published-0.36.2,structural,ts-natural-04,natural,success,21.033166999928653,False,False,False,False,0,0,0,0.0,,,,,,,,,,,,,,
ts,published-0.36.2,structural,ts-explicit-01,explicit,success,42.88658299995586,False,False,True,False,1,1,1.0,1.0,1,1,1,1,1,1,1,0,1,0,0,1,1,1
ts,published-0.36.2,structural,ts-explicit-05,explicit,success,42.54949999996461,False,False,True,False,1,1,1.0,1.0,1,1,1,1,1,1,1,0,1,0,0,1,1,1
ts,published-0.36.2,structural,ts-explicit-04,explicit,success,43.02087499992922,False,False,True,False,1,1,1.0,1.0,1,1,1,1,1,1,1,1,1,1,1,1,1,1
ts,published-0.36.2,structural,ts-natural-03,natural,success,11.809292000019923,False,False,False,False,0,0,0,0.0,,,,,,,,,,,,,,
ts,published-0.36.2,structural,ts-explicit-03,explicit,success,43.092084000003524,False,False,True,False,1,1,1.0,1.0,1,1,1,1,1,1,1,1,1,1,1,1,1,1
go,published-0.36.2,hybrid,go-natural-02,natural,success,64.8609169999836,True,False,False,False,0,1,0.25,0.43067655807339306,,,,,,,,,,,,,,
go,published-0.36.2,hybrid,go-natural-01,natural,success,49.48154099995736,False,False,False,False,0,1,0.25,0.43067655807339306,,,,,,,,,,,,,,
go,published-0.36.2,hybrid,go-natural-04,natural,success,36.676083000027575,False,False,False,False,0,0,0,0.0,,,,,,,,,,,,,,
go,published-0.36.2,hybrid,go-natural-03,natural,success,31.571041999966837,False,False,False,False,1,1,1.0,1.0,,,,,,,,,,,,,,
go,published-0.36.2,hybrid,go-explicit-04,explicit,success,12.134165999945253,False,False,True,False,1,1,1.0,1.0,1,1,1,1,1,1,1,1,1,1,1,1,1,1
go,published-0.36.2,hybrid,go-explicit-02,explicit,success,10.228084000060335,False,False,True,False,1,1,1.0,1.0,1,1,1,1,1,1,1,1,1,0,0,1,1,1
go,published-0.36.2,hybrid,go-explicit-01,explicit,success,8.867042000056244,False,False,True,False,1,1,1.0,1.0,1,1,1,1,1,1,1,0,1,0,0,1,1,1
go,published-0.36.2,hybrid,go-explicit-05,explicit,success,8.898583000060171,False,False,True,False,1,1,1.0,1.0,1,1,1,1,1,1,1,1,1,1,1,1,1,1
go,published-0.36.2,hybrid,go-explicit-03,explicit,success,9.088207999942824,False,False,True,False,1,1,1.0,1.0,1,1,1,1,1,1,1,0,1,0,0,1,1,1
go,published-0.36.2,hybrid,go-explicit-06,explicit,success,8.8396659999853,False,False,True,False,1,1,1.0,1.0,1,1,1,1,1,1,1,1,1,1,1,1,1,1
go,published-0.36.2,hybrid,go-natural-05,natural,success,38.511291999951936,False,False,False,False,0,1,0.3333333333333333,0.5,,,,,,,,,,,,,,
go,source-candidate,hybrid,go-natural-02,natural,success,62.95683299994562,True,False,False,False,0,1,0.25,0.43067655807339306,,,,,,,,,,,,,,
go,source-candidate,hybrid,go-natural-01,natural,success,53.004415999981575,False,False,False,False,0,1,0.25,0.43067655807339306,,,,,,,,,,,,,,
go,source-candidate,hybrid,go-natural-04,natural,success,38.728624999988824,False,False,False,False,0,0,0,0.0,,,,,,,,,,,,,,
go,source-candidate,hybrid,go-natural-03,natural,success,44.65179100004025,False,False,False,False,1,1,1.0,1.0,,,,,,,,,,,,,,
go,source-candidate,hybrid,go-explicit-04,explicit,success,16.470917000086047,False,False,True,False,1,1,1.0,1.0,1,1,1,1,1,1,1,1,1,1,1,1,1,1
go,source-candidate,hybrid,go-explicit-02,explicit,success,11.783416999969631,False,False,True,False,1,1,1.0,1.0,1,1,1,1,1,1,1,1,1,1,1,1,1,1
go,source-candidate,hybrid,go-explicit-01,explicit,success,10.601333000115119,False,False,True,False,1,1,1.0,1.0,1,1,1,1,1,1,1,1,1,1,1,1,1,1
go,source-candidate,hybrid,go-explicit-05,explicit,success,9.542291000019759,False,False,True,False,1,1,1.0,1.0,1,1,1,1,1,1,1,1,1,1,1,1,1,1
go,source-candidate,hybrid,go-explicit-03,explicit,success,9.528833999997005,False,False,True,False,1,1,1.0,1.0,1,1,1,1,1,1,1,1,1,1,1,1,1,1
go,source-candidate,hybrid,go-explicit-06,explicit,success,9.15500000002794,False,False,True,False,1,1,1.0,1.0,1,1,1,1,1,1,1,1,1,1,1,1,1,1
go,source-candidate,hybrid,go-natural-05,natural,success,39.63616699993145,False,False,False,False,0,1,0.3333333333333333,0.5,,,,,,,,,,,,,,
rs,published-0.36.2,structural,rs-explicit-06,explicit,success,16.189333999995142,True,False,True,False,1,1,1.0,1.0,1,1,1,1,1,1,1,1,1,1,1,1,1,1
rs,published-0.36.2,structural,rs-explicit-02,explicit,success,16.28249999997206,False,False,True,False,1,1,1.0,1.0,1,1,1,1,1,1,1,0,1,0,0,1,1,1
rs,published-0.36.2,structural,rs-natural-03,natural,success,39.138208999997005,False,False,False,False,1,1,1.0,1.0,,,,,,,,,,,,,,
rs,published-0.36.2,structural,rs-explicit-01,explicit,success,16.939416999928653,False,False,True,False,0,1,0.25,0.43067655807339306,1,0,0,0,0,0,0,1,0,0,0,0,0,0
rs,published-0.36.2,structural,rs-explicit-04,explicit,success,13.786625000066124,False,False,True,False,1,1,1.0,1.0,1,1,1,1,1,1,1,1,1,1,1,1,1,1
rs,published-0.36.2,structural,rs-natural-05,natural,success,7.961125000030734,False,False,False,False,0,1,0.5,0.6309297535714575,,,,,,,,,,,,,,
rs,published-0.36.2,structural,rs-natural-01,natural,success,23.11124999995809,False,False,False,False,0,0,0,0.0,,,,,,,,,,,,,,
rs,published-0.36.2,structural,rs-explicit-05,explicit,success,13.698749999981374,False,False,True,False,1,1,1.0,1.0,1,1,1,1,1,1,1,1,1,1,1,1,1,1
rs,published-0.36.2,structural,rs-natural-02,natural,success,7.6988330000313,False,False,False,False,0,0,0.16666666666666666,0.3562071871080222,,,,,,,,,,,,,,
rs,published-0.36.2,structural,rs-explicit-03,explicit,success,12.89354199997615,False,False,True,False,1,1,1.0,1.0,1,1,1,1,1,1,1,0,1,0,0,1,1,1
rs,published-0.36.2,structural,rs-natural-04,natural,success,21.285957999993116,False,False,False,False,0,1,0.3333333333333333,0.5,,,,,,,,,,,,,,
rs,source-candidate,structural,rs-explicit-06,explicit,success,20.27116699994076,True,False,True,False,1,1,1.0,1.0,1,1,1,1,1,1,1,1,1,1,1,1,1,1
rs,source-candidate,structural,rs-explicit-02,explicit,success,16.567167000030167,False,False,True,False,1,1,1.0,1.0,1,1,1,1,1,1,1,1,1,1,1,1,1,1
rs,source-candidate,structural,rs-natural-03,natural,success,27.521042000036687,False,False,False,False,0,1,0.5,0.6309297535714575,,,,,,,,,,,,,,
rs,source-candidate,structural,rs-explicit-01,explicit,success,43.13691700005438,False,False,True,False,0,0,0,0.0,1,0,0,0,0,0,0,1,0,0,0,0,0,0
rs,source-candidate,structural,rs-explicit-04,explicit,success,13.938791999942623,False,False,True,False,1,1,1.0,1.0,1,1,1,1,1,1,1,1,1,1,1,1,1,1
rs,source-candidate,structural,rs-natural-05,natural,success,8.86379199998919,False,False,False,False,0,1,0.5,0.6309297535714575,,,,,,,,,,,,,,
rs,source-candidate,structural,rs-natural-01,natural,success,17.90429099998437,False,False,False,False,0,0,0,0.0,,,,,,,,,,,,,,
rs,source-candidate,structural,rs-explicit-05,explicit,success,13.742167000076734,False,False,True,False,1,1,1.0,1.0,1,1,1,1,1,1,1,1,1,1,1,1,1,1
rs,source-candidate,structural,rs-natural-02,natural,success,8.17845899995882,False,False,False,False,0,0,0.16666666666666666,0.3562071871080222,,,,,,,,,,,,,,
rs,source-candidate,structural,rs-explicit-03,explicit,success,14.543959000031464,False,False,True,False,1,1,1.0,1.0,1,1,1,1,1,1,1,1,1,1,1,1,1,1
rs,source-candidate,structural,rs-natural-04,natural,success,15.809415999916382,False,False,False,False,0,1,0.3333333333333333,0.5,,,,,,,,,,,,,,
go,published-0.36.2,structural,go-natural-02,natural,success,33.80575000005774,True,False,False,False,0,0,0,0.0,,,,,,,,,,,,,,
go,published-0.36.2,structural,go-natural-01,natural,success,23.162292000022717,False,False,False,False,0,1,0.2,0.38685280723454163,,,,,,,,,,,,,,
go,published-0.36.2,structural,go-natural-04,natural,success,8.426332999952137,False,False,False,False,0,0,0,0.0,,,,,,,,,,,,,,
go,published-0.36.2,structural,go-natural-03,natural,success,18.53187499998603,False,False,False,False,1,1,1.0,1.0,,,,,,,,,,,,,,
go,published-0.36.2,structural,go-explicit-04,explicit,success,11.443750000093132,False,False,True,False,1,1,1.0,1.0,1,1,1,1,1,1,1,1,1,1,1,1,1,1
go,published-0.36.2,structural,go-explicit-02,explicit,success,10.71625000005588,False,False,True,False,1,1,1.0,1.0,1,1,1,1,1,1,1,1,1,0,0,1,1,1
go,published-0.36.2,structural,go-explicit-01,explicit,success,10.370750000001863,False,False,True,False,1,1,1.0,1.0,1,1,1,1,1,1,1,0,1,0,0,1,1,1
go,published-0.36.2,structural,go-explicit-05,explicit,success,9.793666000012308,False,False,True,False,1,1,1.0,1.0,1,1,1,1,1,1,1,1,1,1,1,1,1,1
go,published-0.36.2,structural,go-explicit-03,explicit,success,9.18866700003855,False,False,True,False,1,1,1.0,1.0,1,1,1,1,1,1,1,0,1,0,0,1,1,1
go,published-0.36.2,structural,go-explicit-06,explicit,success,8.950374999898486,False,False,True,False,1,1,1.0,1.0,1,1,1,1,1,1,1,1,1,1,1,1,1,1
go,published-0.36.2,structural,go-natural-05,natural,success,6.787499999976717,False,False,False,False,0,1,0.25,0.43067655807339306,,,,,,,,,,,,,,
go,source-candidate,structural,go-natural-02,natural,success,24.434958999976516,True,False,False,False,1,1,1.0,1.0,,,,,,,,,,,,,,
go,source-candidate,structural,go-natural-01,natural,success,17.21704200003296,False,False,False,False,0,1,0.2,0.38685280723454163,,,,,,,,,,,,,,
go,source-candidate,structural,go-natural-04,natural,success,8.5,False,False,False,False,0,0,0,0.0,,,,,,,,,,,,,,
go,source-candidate,structural,go-natural-03,natural,success,14.563167000073008,False,False,False,False,1,1,1.0,1.0,,,,,,,,,,,,,,
go,source-candidate,structural,go-explicit-04,explicit,success,16.72829100000672,False,False,True,False,1,1,1.0,1.0,1,1,1,1,1,1,1,1,1,1,1,1,1,1
go,source-candidate,structural,go-explicit-02,explicit,success,13.848957999958657,False,False,True,False,1,1,1.0,1.0,1,1,1,1,1,1,1,1,1,1,1,1,1,1
go,source-candidate,structural,go-explicit-01,explicit,success,10.07750000001397,False,False,True,False,1,1,1.0,1.0,1,1,1,1,1,1,1,1,1,1,1,1,1,1
go,source-candidate,structural,go-explicit-05,explicit,success,9.13191699993331,False,False,True,False,1,1,1.0,1.0,1,1,1,1,1,1,1,1,1,1,1,1,1,1
go,source-candidate,structural,go-explicit-03,explicit,success,9.593833000049926,False,False,True,False,1,1,1.0,1.0,1,1,1,1,1,1,1,1,1,1,1,1,1,1
go,source-candidate,structural,go-explicit-06,explicit,success,9.384667000034824,False,False,True,False,1,1,1.0,1.0,1,1,1,1,1,1,1,1,1,1,1,1,1,1
go,source-candidate,structural,go-natural-05,natural,success,6.905750000034459,False,False,False,False,0,1,0.25,0.43067655807339306,,,,,,,,,,,,,,
rb,published-0.36.2,structural,rb-explicit-04,explicit,success,18.115667000063695,True,False,True,False,1,1,1.0,1.0,1,1,1,1,1,1,1,1,1,1,1,1,1,1
rb,published-0.36.2,structural,rb-explicit-05,explicit,success,15.160042000003159,False,False,True,False,1,1,1.0,1.0,1,1,1,1,1,1,1,1,1,1,1,1,1,1
rb,published-0.36.2,structural,rb-explicit-01,explicit,success,15.698167000082321,False,False,True,False,1,1,1.0,1.0,1,1,1,1,1,1,1,0,1,0,0,1,1,1
rb,published-0.36.2,structural,rb-natural-06,natural,success,18.46904200001154,False,False,False,False,1,1,1.0,1.0,,,,,,,,,,,,,,
rb,published-0.36.2,structural,rb-natural-05,natural,success,26.820500000030734,False,False,False,False,0,0,0.125,0.31546487678572877,,,,,,,,,,,,,,
rb,published-0.36.2,structural,rb-explicit-03,explicit,success,15.16516699991189,False,False,True,False,1,1,1.0,1.0,1,1,1,1,1,1,1,0,1,0,0,1,1,1
rb,published-0.36.2,structural,rb-natural-03,natural,success,7.972958000027575,False,False,False,False,0,1,0.5,0.6309297535714575,,,,,,,,,,,,,,
rb,published-0.36.2,structural,rb-explicit-06,explicit,success,15.532083999947645,False,False,True,False,1,1,1.0,1.0,1,1,1,1,1,1,1,1,1,1,1,1,1,1
rb,published-0.36.2,structural,rb-explicit-02,explicit,success,14.712124999961816,False,False,True,False,1,1,1.0,1.0,1,1,1,1,1,1,1,0,1,0,0,1,1,1
rb,published-0.36.2,structural,rb-natural-02,natural,success,7.921708000008948,False,False,False,False,1,1,1.0,1.0,,,,,,,,,,,,,,
rb,published-0.36.2,structural,rb-natural-01,natural,success,23.199291999917477,False,False,False,False,1,1,1.0,1.0,,,,,,,,,,,,,,
rb,published-0.36.2,structural,rb-natural-04,natural,success,9.113500000094064,False,False,False,False,0,0,0.14285714285714285,0.3333333333333333,,,,,,,,,,,,,,
rb,source-candidate,structural,rb-explicit-04,explicit,success,23.62454200000502,True,False,True,False,1,1,1.0,1.0,1,1,1,1,1,1,1,1,1,1,1,1,1,1
rb,source-candidate,structural,rb-explicit-05,explicit,success,17.37279099994339,False,False,True,False,1,1,1.0,1.0,1,1,1,1,1,1,1,1,1,1,1,1,1,1
rb,source-candidate,structural,rb-explicit-01,explicit,success,17.04275000002235,False,False,True,False,1,1,1.0,1.0,1,1,1,1,1,1,1,1,1,1,1,1,1,1
rb,source-candidate,structural,rb-natural-06,natural,success,19.118499999982305,False,False,False,False,1,1,1.0,1.0,,,,,,,,,,,,,,
rb,source-candidate,structural,rb-natural-05,natural,success,19.16916599997785,False,False,False,False,1,1,1.0,1.0,,,,,,,,,,,,,,
rb,source-candidate,structural,rb-explicit-03,explicit,success,16.31362499995157,False,False,True,False,1,1,1.0,1.0,1,1,1,1,1,1,1,1,1,1,1,1,1,1
rb,source-candidate,structural,rb-natural-03,natural,success,8.994208000018261,False,False,False,False,0,1,0.5,0.6309297535714575,,,,,,,,,,,,,,
rb,source-candidate,structural,rb-explicit-06,explicit,success,16.38441599998623,False,False,True,False,1,1,1.0,1.0,1,1,1,1,1,1,1,1,1,1,1,1,1,1
rb,source-candidate,structural,rb-explicit-02,explicit,success,16.11170799995307,False,False,True,False,1,1,1.0,1.0,1,1,1,1,1,1,1,1,1,1,1,1,1,1
rb,source-candidate,structural,rb-natural-02,natural,success,8.912707999930717,False,False,False,False,1,1,1.0,1.0,,,,,,,,,,,,,,
rb,source-candidate,structural,rb-natural-01,natural,success,18.287000000011176,False,False,False,False,1,1,1.0,1.0,,,,,,,,,,,,,,
rb,source-candidate,structural,rb-natural-04,natural,success,8.339042000006884,False,False,False,False,0,0,0.14285714285714285,0.3333333333333333,,,,,,,,,,,,,,
php,published-0.36.2,hybrid,php-explicit-03,explicit,success,13.654332999954931,True,False,True,False,1,1,1.0,1.0,1,1,1,1,1,1,1,0,1,0,0,1,1,1
php,published-0.36.2,hybrid,php-explicit-01,explicit,success,11.73616700002458,False,False,True,False,1,1,1.0,1.0,1,1,1,1,1,1,1,0,1,0,0,1,1,1
php,published-0.36.2,hybrid,php-natural-03,natural,success,51.9443339999998,False,False,False,False,1,1,1.0,1.0,,,,,,,,,,,,,,
php,published-0.36.2,hybrid,php-natural-02,natural,success,57.73179200000595,False,False,False,False,1,1,1.0,1.0,,,,,,,,,,,,,,
php,published-0.36.2,hybrid,php-natural-05,natural,success,53.137041999958456,False,False,False,False,1,1,1.0,1.0,,,,,,,,,,,,,,
php,published-0.36.2,hybrid,php-natural-01,natural,success,40.879125000094064,False,False,False,False,0,0,0,0.0,,,,,,,,,,,,,,
php,published-0.36.2,hybrid,php-explicit-06,explicit,success,11.85791700007394,False,False,True,False,1,1,1.0,1.0,1,1,1,1,1,1,1,1,1,1,1,1,1,1
php,published-0.36.2,hybrid,php-explicit-04,explicit,success,11.105416000005789,False,False,True,False,1,1,1.0,1.0,1,1,1,1,1,1,1,1,1,1,1,1,1,1
php,published-0.36.2,hybrid,php-explicit-05,explicit,success,12.195000000065193,False,False,True,False,1,1,1.0,1.0,1,1,1,1,1,1,1,1,1,1,1,1,1,1
php,published-0.36.2,hybrid,php-natural-04,natural,success,51.54820800002199,False,False,False,False,1,1,1.0,1.0,,,,,,,,,,,,,,
php,published-0.36.2,hybrid,php-explicit-02,explicit,success,11.889333000057377,False,False,True,False,1,1,1.0,1.0,1,1,1,1,1,1,1,0,1,0,0,1,1,1
php,source-candidate,hybrid,php-explicit-03,explicit,success,19.086917000007816,True,False,True,False,1,1,1.0,1.0,1,1,1,1,1,1,1,1,1,1,1,1,1,1
php,source-candidate,hybrid,php-explicit-01,explicit,success,13.270834000082687,False,False,True,False,1,1,1.0,1.0,1,1,1,1,1,1,1,1,1,1,1,1,1,1
php,source-candidate,hybrid,php-natural-03,natural,success,51.72174999990966,False,False,False,False,1,1,1.0,1.0,,,,,,,,,,,,,,
php,source-candidate,hybrid,php-natural-02,natural,success,60.35179099999368,False,False,False,False,1,1,1.0,1.0,,,,,,,,,,,,,,
php,source-candidate,hybrid,php-natural-05,natural,success,53.90766699996311,False,False,False,False,1,1,1.0,1.0,,,,,,,,,,,,,,
php,source-candidate,hybrid,php-natural-01,natural,success,42.495916999992914,False,False,False,False,0,0,0,0.0,,,,,,,,,,,,,,
php,source-candidate,hybrid,php-explicit-06,explicit,success,12.97483399999328,False,False,True,False,1,1,1.0,1.0,1,1,1,1,1,1,1,1,1,1,1,1,1,1
php,source-candidate,hybrid,php-explicit-04,explicit,success,12.122875000000931,False,False,True,False,1,1,1.0,1.0,1,1,1,1,1,1,1,1,1,1,1,1,1,1
php,source-candidate,hybrid,php-explicit-05,explicit,success,13.824083999963477,False,False,True,False,1,1,1.0,1.0,1,1,1,1,1,1,1,1,1,1,1,1,1,1
php,source-candidate,hybrid,php-natural-04,natural,success,57.454500000108965,False,False,False,False,1,1,1.0,1.0,,,,,,,,,,,,,,
php,source-candidate,hybrid,php-explicit-02,explicit,success,13.599791999906301,False,False,True,False,1,1,1.0,1.0,1,1,1,1,1,1,1,1,1,1,1,1,1,1
ts,source-candidate,hybrid,ts-natural-01,natural,success,65.66908400005195,True,False,False,False,0,0,0.125,0.31546487678572877,,,,,,,,,,,,,,
ts,source-candidate,hybrid,ts-explicit-02,explicit,success,51.76158300007228,False,False,True,False,1,1,1.0,1.0,1,1,1,1,1,1,1,1,1,1,1,1,1,1
ts,source-candidate,hybrid,ts-natural-02,natural,success,40.12541700003203,False,False,False,False,0,0,0,0.0,,,,,,,,,,,,,,
ts,source-candidate,hybrid,ts-explicit-06,explicit,success,44.7863340000622,False,False,True,False,1,1,1.0,1.0,1,1,1,1,1,1,1,1,1,1,1,1,1,1
ts,source-candidate,hybrid,ts-natural-05,natural,success,44.018041000002995,False,False,False,False,0,0,0,0.0,,,,,,,,,,,,,,
ts,source-candidate,hybrid,ts-natural-04,natural,success,34.02341600006912,False,False,False,False,0,0,0,0.0,,,,,,,,,,,,,,
ts,source-candidate,hybrid,ts-explicit-01,explicit,success,44.546875,False,False,True,False,1,1,1.0,1.0,1,1,1,1,1,1,1,1,1,1,1,1,1,1
ts,source-candidate,hybrid,ts-explicit-05,explicit,success,43.5166250000475,False,False,True,False,1,1,1.0,1.0,1,1,1,1,1,1,1,1,1,1,1,1,1,1
ts,source-candidate,hybrid,ts-explicit-04,explicit,success,43.447374999988824,False,False,True,False,1,1,1.0,1.0,1,1,1,1,1,1,1,1,1,1,1,1,1,1
ts,source-candidate,hybrid,ts-natural-03,natural,success,43.89500000001863,False,False,False,False,0,0,0,0.0,,,,,,,,,,,,,,
ts,source-candidate,hybrid,ts-explicit-03,explicit,success,42.98441599996295,False,False,True,False,1,1,1.0,1.0,1,1,1,1,1,1,1,1,1,1,1,1,1,1
ts,published-0.36.2,hybrid,ts-natural-01,natural,success,64.8042500000447,True,False,False,False,0,0,0.125,0.31546487678572877,,,,,,,,,,,,,,
ts,published-0.36.2,hybrid,ts-explicit-02,explicit,success,45.67012499994598,False,False,True,False,1,1,1.0,1.0,1,1,1,1,1,1,1,0,1,0,0,1,1,1
ts,published-0.36.2,hybrid,ts-natural-02,natural,success,40.40995800006203,False,False,False,False,0,0,0,0.0,,,,,,,,,,,,,,
ts,published-0.36.2,hybrid,ts-explicit-06,explicit,success,45.05216600000858,False,False,True,False,1,1,1.0,1.0,1,1,1,1,1,1,1,1,1,1,1,1,1,1
ts,published-0.36.2,hybrid,ts-natural-05,natural,success,45.362915999954566,False,False,False,False,0,0,0,0.0,,,,,,,,,,,,,,
ts,published-0.36.2,hybrid,ts-natural-04,natural,success,35.18870800011791,False,False,False,False,0,0,0,0.0,,,,,,,,,,,,,,
ts,published-0.36.2,hybrid,ts-explicit-01,explicit,success,43.03608400002122,False,False,True,False,1,1,1.0,1.0,1,1,1,1,1,1,1,0,1,0,0,1,1,1
ts,published-0.36.2,hybrid,ts-explicit-05,explicit,success,43.01470800000243,False,False,True,False,1,1,1.0,1.0,1,1,1,1,1,1,1,0,1,0,0,1,1,1
ts,published-0.36.2,hybrid,ts-explicit-04,explicit,success,43.15708400006406,False,False,True,False,1,1,1.0,1.0,1,1,1,1,1,1,1,1,1,1,1,1,1,1
ts,published-0.36.2,hybrid,ts-natural-03,natural,success,58.35995800001547,False,False,False,False,0,0,0,0.0,,,,,,,,,,,,,,
ts,published-0.36.2,hybrid,ts-explicit-03,explicit,success,42.6734160000924,False,False,True,False,1,1,1.0,1.0,1,1,1,1,1,1,1,1,1,1,1,1,1,1
py,source-candidate,hybrid,py-explicit-01,explicit,success,38.45654200017452,True,False,True,False,1,1,1.0,1.0,1,1,1,1,1,1,1,0,1,0,0,1,1,1
py,source-candidate,hybrid,py-natural-04,natural,success,55.82533299992792,False,False,False,False,1,1,1.0,1.0,,,,,,,,,,,,,,
py,source-candidate,hybrid,py-explicit-02,explicit,success,12.27199999988079,False,False,True,False,1,1,1.0,1.0,1,1,1,1,1,1,1,1,1,1,1,1,1,1
py,source-candidate,hybrid,py-explicit-04,explicit,success,11.405333000002429,False,False,True,False,1,1,1.0,1.0,1,1,1,1,1,1,1,1,1,1,1,1,1,1
py,source-candidate,hybrid,py-explicit-06,explicit,success,10.485249999910593,False,False,True,False,1,1,1.0,1.0,1,1,1,1,1,1,1,1,1,1,1,1,1,1
py,source-candidate,hybrid,py-natural-01,natural,success,36.44133399985731,False,False,False,False,0,0,0.14285714285714285,0.3333333333333333,,,,,,,,,,,,,,
py,source-candidate,hybrid,py-natural-02,natural,success,28.784042000072077,False,False,False,False,1,1,1.0,1.0,,,,,,,,,,,,,,
py,source-candidate,hybrid,py-explicit-05,explicit,success,10.920624999795109,False,False,True,False,1,1,1.0,1.0,1,1,1,1,1,1,1,1,1,1,1,1,1,1
py,source-candidate,hybrid,py-natural-05,natural,success,22.821666999952868,False,False,False,False,0,1,0.5,0.6309297535714575,,,,,,,,,,,,,,
py,source-candidate,hybrid,py-explicit-03,explicit,success,11.351666999980807,False,False,True,False,1,1,1.0,1.0,1,1,1,1,1,1,1,1,1,1,1,1,1,1
py,source-candidate,hybrid,py-natural-03,natural,success,31.518791999900714,False,False,False,False,0,0,0,0.0,,,,,,,,,,,,,,
py,published-0.36.2,hybrid,py-explicit-01,explicit,success,11.90854199999012,True,False,True,False,1,1,1.0,1.0,1,1,1,1,1,1,1,0,1,0,0,1,1,1
py,published-0.36.2,hybrid,py-natural-04,natural,success,48.75037499982864,False,False,False,False,1,1,1.0,1.0,,,,,,,,,,,,,,
py,published-0.36.2,hybrid,py-explicit-02,explicit,success,11.920666999882087,False,False,True,False,1,1,1.0,1.0,1,1,1,1,1,1,1,0,1,0,0,1,1,1
py,published-0.36.2,hybrid,py-explicit-04,explicit,success,10.38149999990128,False,False,True,False,1,1,1.0,1.0,1,1,1,1,1,1,1,0,1,0,0,1,1,1
py,published-0.36.2,hybrid,py-explicit-06,explicit,success,9.840958999935538,False,False,True,False,1,1,1.0,1.0,1,1,1,1,1,1,1,1,1,1,1,1,1,1
py,published-0.36.2,hybrid,py-natural-01,natural,success,36.913832999998704,False,False,False,False,0,0,0.14285714285714285,0.3333333333333333,,,,,,,,,,,,,,
py,published-0.36.2,hybrid,py-natural-02,natural,success,18.41283300006762,False,False,False,False,1,1,1.0,1.0,,,,,,,,,,,,,,
py,published-0.36.2,hybrid,py-explicit-05,explicit,success,10.882624999852851,False,False,True,False,1,1,1.0,1.0,1,1,1,1,1,1,1,0,1,0,0,1,1,1
py,published-0.36.2,hybrid,py-natural-05,natural,success,41.46237499988638,False,False,False,False,0,1,0.5,0.6309297535714575,,,,,,,,,,,,,,
py,published-0.36.2,hybrid,py-explicit-03,explicit,success,10.675250000087544,False,False,True,False,1,1,1.0,1.0,1,1,1,1,1,1,1,1,1,1,1,1,1,1
py,published-0.36.2,hybrid,py-natural-03,natural,success,33.11929199984297,False,False,False,False,0,0,0,0.0,,,,,,,,,,,,,,
cs,source-candidate,structural,cs-explicit-05,explicit,success,30.957832999993116,True,False,True,False,1,1,1.0,1.0,0,1,1,1,1,1,1,1,1,0,0,1,1,1
cs,source-candidate,structural,cs-explicit-01,explicit,success,23.76241600001231,False,False,True,False,1,1,1.0,1.0,0,1,1,1,1,1,1,1,1,0,0,1,1,1
cs,source-candidate,structural,cs-natural-01,natural,success,27.658709000097588,False,False,False,False,0,0,0.125,0.31546487678572877,,,,,,,,,,,,,,
cs,source-candidate,structural,cs-natural-04,natural,success,8.927999999839813,False,False,False,False,0,1,0.5,0.6309297535714575,,,,,,,,,,,,,,
cs,source-candidate,structural,cs-explicit-04,explicit,success,23.600792000070214,False,False,True,False,1,1,1.0,1.0,0,1,1,1,1,1,1,1,1,0,0,1,1,1
cs,source-candidate,structural,cs-explicit-02,explicit,success,21.758040999993682,False,False,True,False,1,1,1.0,1.0,0,1,1,1,1,1,1,1,1,0,0,1,1,1
cs,source-candidate,structural,cs-natural-05,natural,success,17.897957999957725,False,False,False,False,0,0,0,0.0,,,,,,,,,,,,,,
cs,source-candidate,structural,cs-natural-02,natural,success,7.866124999942258,False,False,False,False,0,1,0.5,0.6309297535714575,,,,,,,,,,,,,,
cs,source-candidate,structural,cs-explicit-03,explicit,success,22.953666999936104,False,False,True,False,1,1,1.0,1.0,0,1,1,1,1,1,1,1,1,0,0,1,1,1
cs,source-candidate,structural,cs-natural-03,natural,success,8.240834000054747,False,False,False,False,0,0,0.1111111111111111,0.3010299956639812,,,,,,,,,,,,,,
cs,source-candidate,structural,cs-explicit-06,explicit,success,22.425249999854714,False,False,True,False,1,1,1.0,1.0,0,1,1,1,1,1,1,1,1,0,0,1,1,1
cs,published-0.36.2,structural,cs-explicit-05,explicit,success,25.243665999965742,True,False,True,False,1,1,1.0,1.0,0,1,1,1,1,1,1,1,1,0,0,1,1,1
cs,published-0.36.2,structural,cs-explicit-01,explicit,success,21.52087499992922,False,False,True,False,1,1,1.0,1.0,0,1,1,1,1,1,1,0,1,0,0,1,1,1
cs,published-0.36.2,structural,cs-natural-01,natural,success,36.000750000122935,False,False,False,False,0,0,0,0.0,,,,,,,,,,,,,,
cs,published-0.36.2,structural,cs-natural-04,natural,success,8.65058399992995,False,False,False,False,0,1,0.5,0.6309297535714575,,,,,,,,,,,,,,
cs,published-0.36.2,structural,cs-explicit-04,explicit,success,21.422833000076935,False,False,True,False,1,1,1.0,1.0,0,1,1,1,1,1,1,1,1,0,0,1,1,1
cs,published-0.36.2,structural,cs-explicit-02,explicit,success,22.11179200001061,False,False,True,False,1,1,1.0,1.0,0,1,1,1,1,1,1,0,1,0,0,1,1,1
cs,published-0.36.2,structural,cs-natural-05,natural,success,22.780458000022918,False,False,False,False,0,1,0.5,0.6309297535714575,,,,,,,,,,,,,,
cs,published-0.36.2,structural,cs-natural-02,natural,success,7.96820899983868,False,False,False,False,0,1,0.5,0.6309297535714575,,,,,,,,,,,,,,
cs,published-0.36.2,structural,cs-explicit-03,explicit,success,20.39870800008066,False,False,True,False,1,1,1.0,1.0,0,1,1,1,1,1,1,0,1,0,0,1,1,1
cs,published-0.36.2,structural,cs-natural-03,natural,success,8.273415999952704,False,False,False,False,0,0,0.1111111111111111,0.3010299956639812,,,,,,,,,,,,,,
cs,published-0.36.2,structural,cs-explicit-06,explicit,success,20.117334000067785,False,False,True,False,1,1,1.0,1.0,0,1,1,1,1,1,1,1,1,0,0,1,1,1
py,published-0.36.2,structural,py-explicit-01,explicit,success,11.99212499987334,True,False,True,False,1,1,1.0,1.0,1,1,1,1,1,1,1,0,1,0,0,1,1,1
py,published-0.36.2,structural,py-natural-04,natural,success,19.961041999980807,False,False,False,False,1,1,1.0,1.0,,,,,,,,,,,,,,
py,published-0.36.2,structural,py-explicit-02,explicit,success,11.128917000023648,False,False,True,False,1,1,1.0,1.0,1,1,1,1,1,1,1,0,1,0,0,1,1,1
py,published-0.36.2,structural,py-explicit-04,explicit,success,10.04541700007394,False,False,True,False,1,1,1.0,1.0,1,1,1,1,1,1,1,0,1,0,0,1,1,1
py,published-0.36.2,structural,py-explicit-06,explicit,success,10.18237500009127,False,False,True,False,1,1,1.0,1.0,1,1,1,1,1,1,1,1,1,1,1,1,1,1
py,published-0.36.2,structural,py-natural-01,natural,success,8.49854200007394,False,False,False,False,0,1,0.2,0.38685280723454163,,,,,,,,,,,,,,
py,published-0.36.2,structural,py-natural-02,natural,success,7.358291999902576,False,False,False,False,0,1,0.5,0.6309297535714575,,,,,,,,,,,,,,
py,published-0.36.2,structural,py-explicit-05,explicit,success,9.900375000201166,False,False,True,False,1,1,1.0,1.0,1,1,1,1,1,1,1,0,1,0,0,1,1,1
py,published-0.36.2,structural,py-natural-05,natural,success,7.682334000011906,False,False,False,False,1,1,1.0,1.0,,,,,,,,,,,,,,
py,published-0.36.2,structural,py-explicit-03,explicit,success,10.207416999852285,False,False,True,False,1,1,1.0,1.0,1,1,1,1,1,1,1,1,1,1,1,1,1,1
py,published-0.36.2,structural,py-natural-03,natural,success,9.946167000103742,False,False,False,False,0,0,0,0.0,,,,,,,,,,,,,,
py,source-candidate,structural,py-explicit-01,explicit,success,40.38845800003037,True,False,True,False,1,1,1.0,1.0,1,1,1,1,1,1,1,0,1,0,0,1,1,1
py,source-candidate,structural,py-natural-04,natural,success,17.198666999815032,False,False,False,False,1,1,1.0,1.0,,,,,,,,,,,,,,
py,source-candidate,structural,py-explicit-02,explicit,success,13.148459000047296,False,False,True,False,1,1,1.0,1.0,1,1,1,1,1,1,1,1,1,1,1,1,1,1
py,source-candidate,structural,py-explicit-04,explicit,success,12.23470799997449,False,False,True,False,1,1,1.0,1.0,1,1,1,1,1,1,1,1,1,1,1,1,1,1
py,source-candidate,structural,py-explicit-06,explicit,success,11.260584000032395,False,False,True,False,1,1,1.0,1.0,1,1,1,1,1,1,1,1,1,1,1,1,1,1
py,source-candidate,structural,py-natural-01,natural,success,9.000583000015467,False,False,False,False,0,1,0.2,0.38685280723454163,,,,,,,,,,,,,,
py,source-candidate,structural,py-natural-02,natural,success,7.974625000031665,False,False,False,False,0,1,0.5,0.6309297535714575,,,,,,,,,,,,,,
py,source-candidate,structural,py-explicit-05,explicit,success,11.870041999965906,False,False,True,False,1,1,1.0,1.0,1,1,1,1,1,1,1,1,1,1,1,1,1,1
py,source-candidate,structural,py-natural-05,natural,success,7.414249999914318,False,False,False,False,1,1,1.0,1.0,,,,,,,,,,,,,,
py,source-candidate,structural,py-explicit-03,explicit,success,10.528959000017494,False,False,True,False,1,1,1.0,1.0,1,1,1,1,1,1,1,1,1,1,1,1,1,1
py,source-candidate,structural,py-natural-03,natural,success,7.187541000079364,False,False,False,False,0,0,0,0.0,,,,,,,,,,,,,,
php,source-candidate,structural,php-explicit-03,explicit,success,19.45520900003612,True,False,True,False,1,1,1.0,1.0,1,1,1,1,1,1,1,1,1,1,1,1,1,1
php,source-candidate,structural,php-explicit-01,explicit,success,13.545792000135407,False,False,True,False,1,1,1.0,1.0,1,1,1,1,1,1,1,1,1,1,1,1,1,1
php,source-candidate,structural,php-natural-03,natural,success,18.474790999898687,False,False,False,False,1,1,1.0,1.0,,,,,,,,,,,,,,
php,source-candidate,structural,php-natural-02,natural,success,12.126832999987528,False,False,False,False,1,1,1.0,1.0,,,,,,,,,,,,,,
php,source-candidate,structural,php-natural-05,natural,success,9.243415999924764,False,False,False,False,1,1,1.0,1.0,,,,,,,,,,,,,,
php,source-candidate,structural,php-natural-01,natural,success,6.879415999865159,False,False,False,False,0,0,0,0.0,,,,,,,,,,,,,,
php,source-candidate,structural,php-explicit-06,explicit,success,13.48666699999012,False,False,True,False,1,1,1.0,1.0,1,1,1,1,1,1,1,1,1,1,1,1,1,1
php,source-candidate,structural,php-explicit-04,explicit,success,11.91495899995789,False,False,True,False,1,1,1.0,1.0,1,1,1,1,1,1,1,1,1,1,1,1,1,1
php,source-candidate,structural,php-explicit-05,explicit,success,13.10537500004284,False,False,True,False,1,1,1.0,1.0,1,1,1,1,1,1,1,1,1,1,1,1,1,1
php,source-candidate,structural,php-natural-04,natural,success,15.046290999976918,False,False,False,False,1,1,1.0,1.0,,,,,,,,,,,,,,
php,source-candidate,structural,php-explicit-02,explicit,success,13.7724580001086,False,False,True,False,1,1,1.0,1.0,1,1,1,1,1,1,1,1,1,1,1,1,1,1
php,published-0.36.2,structural,php-explicit-03,explicit,success,15.091834000078961,True,False,True,False,1,1,1.0,1.0,1,1,1,1,1,1,1,0,1,0,0,1,1,1
php,published-0.36.2,structural,php-explicit-01,explicit,success,12.422416999936104,False,False,True,False,1,1,1.0,1.0,1,1,1,1,1,1,1,0,1,0,0,1,1,1
php,published-0.36.2,structural,php-natural-03,natural,success,20.866500000003725,False,False,False,False,1,1,1.0,1.0,,,,,,,,,,,,,,
php,published-0.36.2,structural,php-natural-02,natural,success,25.433125000214204,False,False,False,False,1,1,1.0,1.0,,,,,,,,,,,,,,
php,published-0.36.2,structural,php-natural-05,natural,success,15.533584000077099,False,False,False,False,0,1,0.5,0.6309297535714575,,,,,,,,,,,,,,
php,published-0.36.2,structural,php-natural-01,natural,success,8.26154200010933,False,False,False,False,0,0,0,0.0,,,,,,,,,,,,,,
php,published-0.36.2,structural,php-explicit-06,explicit,success,13.343000000109896,False,False,True,False,1,1,1.0,1.0,1,1,1,1,1,1,1,1,1,1,1,1,1,1
php,published-0.36.2,structural,php-explicit-04,explicit,success,11.821666999952868,False,False,True,False,1,1,1.0,1.0,1,1,1,1,1,1,1,1,1,1,1,1,1,1
php,published-0.36.2,structural,php-explicit-05,explicit,success,12.88758400012739,False,False,True,False,1,1,1.0,1.0,1,1,1,1,1,1,1,1,1,1,1,1,1,1
php,published-0.36.2,structural,php-natural-04,natural,success,24.802417000057176,False,False,False,False,0,1,0.5,0.6309297535714575,,,,,,,,,,,,,,
php,published-0.36.2,structural,php-explicit-02,explicit,success,12.168249999871477,False,False,True,False,1,1,1.0,1.0,1,1,1,1,1,1,1,0,1,0,0,1,1,1
js,published-0.36.2,hybrid,js-natural-05,natural,success,44.52304199989885,True,False,False,False,0,1,0.3333333333333333,0.5,,,,,,,,,,,,,,
js,published-0.36.2,hybrid,js-natural-03,natural,success,38.52949999994598,False,False,False,False,0,1,0.2,0.38685280723454163,,,,,,,,,,,,,,
js,published-0.36.2,hybrid,js-explicit-03,explicit,success,4.572959000011906,False,False,True,False,1,1,1.0,1.0,1,1,1,1,1,1,1,0,1,0,0,1,1,1
js,published-0.36.2,hybrid,js-explicit-01,explicit,success,3.3434160000178963,False,False,True,False,1,1,1.0,1.0,1,1,1,1,1,1,1,1,1,1,1,1,1,1
js,published-0.36.2,hybrid,js-explicit-05,explicit,success,3.0051669999957085,False,False,True,False,1,1,1.0,1.0,1,1,1,1,1,1,1,1,1,1,1,1,1,1
js,published-0.36.2,hybrid,js-natural-04,natural,success,48.96054200013168,False,False,False,False,1,1,1.0,1.0,,,,,,,,,,,,,,
js,published-0.36.2,hybrid,js-natural-02,natural,success,28.4404579999391,False,False,False,False,1,1,1.0,1.0,,,,,,,,,,,,,,
js,published-0.36.2,hybrid,js-explicit-04,explicit,success,3.73333299998194,False,False,True,False,1,1,1.0,1.0,1,1,1,1,1,1,1,1,1,1,1,1,1,1
js,published-0.36.2,hybrid,js-natural-01,natural,success,24.805582999950275,False,False,False,False,0,1,0.5,0.6309297535714575,,,,,,,,,,,,,,
js,published-0.36.2,hybrid,js-explicit-06,explicit,success,3.5394170000217855,False,False,True,False,1,1,1.0,1.0,1,1,1,1,1,1,1,1,1,1,1,1,1,1
js,published-0.36.2,hybrid,js-explicit-02,explicit,success,3.006624999921769,False,False,True,False,1,1,1.0,1.0,1,1,1,1,1,1,1,1,1,1,1,1,1,1
js,source-candidate,hybrid,js-natural-05,natural,success,43.87870800006203,True,False,False,False,0,1,0.3333333333333333,0.5,,,,,,,,,,,,,,
js,source-candidate,hybrid,js-natural-03,natural,success,38.69170800014399,False,False,False,False,0,1,0.2,0.38685280723454163,,,,,,,,,,,,,,
js,source-candidate,hybrid,js-explicit-03,explicit,success,10.063917000079527,False,False,True,False,1,1,1.0,1.0,1,1,1,1,1,1,1,1,1,1,1,1,1,1
js,source-candidate,hybrid,js-explicit-01,explicit,success,4.351375000085682,False,False,True,False,1,1,1.0,1.0,1,1,1,1,1,1,1,1,1,1,1,1,1,1
js,source-candidate,hybrid,js-explicit-05,explicit,success,3.3706670000683516,False,False,True,False,1,1,1.0,1.0,1,1,1,1,1,1,1,1,1,1,1,1,1,1
js,source-candidate,hybrid,js-natural-04,natural,success,40.29649999993853,False,False,False,False,1,1,1.0,1.0,,,,,,,,,,,,,,
js,source-candidate,hybrid,js-natural-02,natural,success,32.86758399987593,False,False,False,False,1,1,1.0,1.0,,,,,,,,,,,,,,
js,source-candidate,hybrid,js-explicit-04,explicit,success,4.350875000003725,False,False,True,False,1,1,1.0,1.0,1,1,1,1,1,1,1,1,1,1,1,1,1,1
js,source-candidate,hybrid,js-natural-01,natural,success,32.45733299991116,False,False,False,False,0,1,0.5,0.6309297535714575,,,,,,,,,,,,,,
js,source-candidate,hybrid,js-explicit-06,explicit,success,3.6835419998969883,False,False,True,False,1,1,1.0,1.0,1,1,1,1,1,1,1,1,1,1,1,1,1,1
js,source-candidate,hybrid,js-explicit-02,explicit,success,3.1877089999616146,False,False,True,False,1,1,1.0,1.0,1,1,1,1,1,1,1,1,1,1,1,1,1,1
rb,published-0.36.2,hybrid,rb-explicit-04,explicit,success,16.161917000077665,True,False,True,False,1,1,1.0,1.0,1,1,1,1,1,1,1,1,1,1,1,1,1,1
rb,published-0.36.2,hybrid,rb-explicit-05,explicit,success,15.107833999907598,False,False,True,False,1,1,1.0,1.0,1,1,1,1,1,1,1,1,1,1,1,1,1,1
rb,published-0.36.2,hybrid,rb-explicit-01,explicit,success,15.641583000076935,False,False,True,False,1,1,1.0,1.0,1,1,1,1,1,1,1,0,1,0,0,1,1,1
rb,published-0.36.2,hybrid,rb-natural-06,natural,success,47.07004199991934,False,False,False,False,1,1,1.0,1.0,,,,,,,,,,,,,,
rb,published-0.36.2,hybrid,rb-natural-05,natural,success,53.92424999992363,False,False,False,False,0,1,0.5,0.6309297535714575,,,,,,,,,,,,,,
rb,published-0.36.2,hybrid,rb-explicit-03,explicit,success,15.767958999844268,False,False,True,False,1,1,1.0,1.0,1,1,1,1,1,1,1,0,1,0,0,1,1,1
rb,published-0.36.2,hybrid,rb-natural-03,natural,success,39.82137500005774,False,False,False,False,0,1,0.3333333333333333,0.5,,,,,,,,,,,,,,
rb,published-0.36.2,hybrid,rb-explicit-06,explicit,success,14.972583000082523,False,False,True,False,1,1,1.0,1.0,1,1,1,1,1,1,1,1,1,1,1,1,1,1
rb,published-0.36.2,hybrid,rb-explicit-02,explicit,success,14.022416000021622,False,False,True,False,1,1,1.0,1.0,1,1,1,1,1,1,1,0,1,0,0,1,1,1
rb,published-0.36.2,hybrid,rb-natural-02,natural,success,33.258167000021785,False,False,False,False,1,1,1.0,1.0,,,,,,,,,,,,,,
rb,published-0.36.2,hybrid,rb-natural-01,natural,success,46.957875000080094,False,False,False,False,1,1,1.0,1.0,,,,,,,,,,,,,,
rb,published-0.36.2,hybrid,rb-natural-04,natural,success,22.03433300019242,False,False,False,False,0,0,0.14285714285714285,0.3333333333333333,,,,,,,,,,,,,,
rb,source-candidate,hybrid,rb-explicit-04,explicit,success,20.146875000093132,True,False,True,False,1,1,1.0,1.0,1,1,1,1,1,1,1,1,1,1,1,1,1,1
rb,source-candidate,hybrid,rb-explicit-05,explicit,success,16.824917000019923,False,False,True,False,1,1,1.0,1.0,1,1,1,1,1,1,1,1,1,1,1,1,1,1
rb,source-candidate,hybrid,rb-explicit-01,explicit,success,16.46224999986589,False,False,True,False,1,1,1.0,1.0,1,1,1,1,1,1,1,1,1,1,1,1,1,1
rb,source-candidate,hybrid,rb-natural-06,natural,success,49.58458300004713,False,False,False,False,1,1,1.0,1.0,,,,,,,,,,,,,,
rb,source-candidate,hybrid,rb-natural-05,natural,success,46.5565840001218,False,False,False,False,0,1,0.5,0.6309297535714575,,,,,,,,,,,,,,
rb,source-candidate,hybrid,rb-explicit-03,explicit,success,15.612083000130951,False,False,True,False,1,1,1.0,1.0,1,1,1,1,1,1,1,1,1,1,1,1,1,1
rb,source-candidate,hybrid,rb-natural-03,natural,success,37.591333999997005,False,False,False,False,0,1,0.3333333333333333,0.5,,,,,,,,,,,,,,
rb,source-candidate,hybrid,rb-explicit-06,explicit,success,15.421000000089407,False,False,True,False,1,1,1.0,1.0,1,1,1,1,1,1,1,1,1,1,1,1,1,1
rb,source-candidate,hybrid,rb-explicit-02,explicit,success,15.629625000059605,False,False,True,False,1,1,1.0,1.0,1,1,1,1,1,1,1,1,1,1,1,1,1,1
rb,source-candidate,hybrid,rb-natural-02,natural,success,36.03454099991359,False,False,False,False,1,1,1.0,1.0,,,,,,,,,,,,,,
rb,source-candidate,hybrid,rb-natural-01,natural,success,50.935582999838516,False,False,False,False,1,1,1.0,1.0,,,,,,,,,,,,,,
rb,source-candidate,hybrid,rb-natural-04,natural,success,30.675916999811307,False,False,False,False,0,0,0.14285714285714285,0.3333333333333333,,,,,,,,,,,,,,
kt,published-0.36.2,structural,kt-natural-01,natural,success,43.274250000016764,True,False,False,False,0,0,0,0.0,,,,,,,,,,,,,,
kt,published-0.36.2,structural,kt-explicit-01,explicit,success,75.34083299990743,False,False,True,False,1,1,1.0,1.0,1,1,1,1,1,1,1,0,1,0,0,1,1,1
kt,published-0.36.2,structural,kt-natural-04,natural,success,28.636082999873906,False,False,False,False,0,0,0,0.0,,,,,,,,,,,,,,
kt,published-0.36.2,structural,kt-explicit-06,explicit,success,73.21579199982807,False,False,True,False,1,1,1.0,1.0,1,1,1,1,1,1,1,1,1,1,1,1,1,1
kt,published-0.36.2,structural,kt-explicit-04,explicit,success,70.94250000012107,False,False,True,False,1,1,1.0,1.0,1,1,1,1,1,1,1,1,1,1,1,1,1,1
kt,published-0.36.2,structural,kt-explicit-02,explicit,success,71.67720899987034,False,False,True,False,1,1,1.0,1.0,1,1,1,1,1,1,1,0,1,0,0,1,1,1
kt,published-0.36.2,structural,kt-natural-05,natural,success,10.095958000048995,False,False,False,False,1,1,1.0,1.0,,,,,,,,,,,,,,
kt,published-0.36.2,structural,kt-explicit-03,explicit,success,71.27949999994598,False,False,True,False,1,1,1.0,1.0,1,1,1,1,1,1,1,0,1,0,0,1,1,1
kt,published-0.36.2,structural,kt-natural-02,natural,success,11.90466700005345,False,False,False,False,1,1,1.0,1.0,,,,,,,,,,,,,,
kt,published-0.36.2,structural,kt-explicit-05,explicit,success,71.62820799998008,False,False,True,False,1,1,1.0,1.0,1,1,1,1,1,1,1,1,1,1,1,1,1,1
kt,published-0.36.2,structural,kt-natural-03,natural,success,29.549750000005588,False,False,False,False,0,0,0,0.0,,,,,,,,,,,,,,
kt,source-candidate,structural,kt-natural-01,natural,success,29.907375000184402,True,False,False,False,0,1,0.25,0.43067655807339306,,,,,,,,,,,,,,
kt,source-candidate,structural,kt-explicit-01,explicit,success,84.41929199988954,False,False,True,False,1,1,1.0,1.0,1,1,1,1,1,1,1,1,1,1,1,1,1,1
kt,source-candidate,structural,kt-natural-04,natural,success,18.379666999913752,False,False,False,False,0,0,0.125,0.31546487678572877,,,,,,,,,,,,,,
kt,source-candidate,structural,kt-explicit-06,explicit,success,74.52279100008309,False,False,True,False,1,1,1.0,1.0,1,1,1,1,1,1,1,1,1,1,1,1,1,1
kt,source-candidate,structural,kt-explicit-04,explicit,success,73.61116699990816,False,False,True,False,1,1,1.0,1.0,1,1,1,1,1,1,1,1,1,1,1,1,1,1
kt,source-candidate,structural,kt-explicit-02,explicit,success,75.60212499997579,False,False,True,False,1,1,1.0,1.0,1,1,1,1,1,1,1,1,1,1,1,1,1,1
kt,source-candidate,structural,kt-natural-05,natural,success,10.137417000019923,False,False,False,False,1,1,1.0,1.0,,,,,,,,,,,,,,
kt,source-candidate,structural,kt-explicit-03,explicit,success,73.64645799994469,False,False,True,False,1,1,1.0,1.0,1,1,1,1,1,1,1,1,1,1,1,1,1,1
kt,source-candidate,structural,kt-natural-02,natural,success,10.314625000115484,False,False,False,False,1,1,1.0,1.0,,,,,,,,,,,,,,
kt,source-candidate,structural,kt-explicit-05,explicit,success,74.45179100008681,False,False,True,False,1,1,1.0,1.0,1,1,1,1,1,1,1,1,1,1,1,1,1,1
kt,source-candidate,structural,kt-natural-03,natural,success,17.464125000173226,False,False,False,False,0,0,0.1111111111111111,0.3010299956639812,,,,,,,,,,,,,,
