repository,version,mode,queryId,track,status,queryMs,firstRealQuery,setupFailure,hitAt1,hitAt5,mrrAt10,ndcgAt10,declarationRangeAt5,completeDeclarationBodyAt5,targetIdentityAt5,originalEvidenceOverlapAt5,exactCitedBodyAt5
fastify,0.36.1,hybrid,fastify-nl-03,natural,success,58.44620800000848,True,False,1,1,1.0,1.0,N/A,N/A,N/A,N/A,N/A
fastify,0.36.1,hybrid,fastify-def-06,explicit,success,13.775124999985565,False,False,1,1,1.0,1.0,1,1,1,1,1
fastify,0.36.1,hybrid,fastify-nl-04,natural,success,46.54349999999977,False,False,0,0,0.16666666666666666,0.3562071871080222,N/A,N/A,N/A,N/A,N/A
fastify,0.36.1,hybrid,fastify-def-03,explicit,success,11.601708000001963,False,False,1,1,1.0,1.0,1,1,1,1,1
fastify,0.36.1,hybrid,fastify-nl-01,natural,success,40.125625000015134,False,False,1,1,1.0,1.0,N/A,N/A,N/A,N/A,N/A
fastify,0.36.1,hybrid,fastify-def-02,explicit,success,11.94512499999837,False,False,1,1,1.0,1.0,1,1,1,1,1
fastify,0.36.1,hybrid,fastify-def-01,explicit,success,10.655832999997074,False,False,1,1,1.0,1.0,1,1,1,1,1
fastify,0.36.1,hybrid,fastify-nl-02,natural,success,50.70654100002139,False,False,1,1,1.0,1.0,N/A,N/A,N/A,N/A,N/A
fastify,0.36.1,hybrid,fastify-def-05,explicit,success,11.614832999999635,False,False,1,1,1.0,1.0,1,1,1,1,1
fastify,0.36.1,hybrid,fastify-nl-05,natural,success,54.40516699998989,False,False,0,1,0.3333333333333333,0.5,N/A,N/A,N/A,N/A,N/A
fastify,0.36.1,hybrid,fastify-def-04,explicit,success,11.464291999989655,False,False,1,1,1.0,1.0,1,0,1,1,0
fastify,0.35.3,hybrid,fastify-nl-03,natural,success,51.3253750000149,True,False,1,1,1.0,1.0,N/A,N/A,N/A,N/A,N/A
fastify,0.35.3,hybrid,fastify-def-06,explicit,success,12.005249999987427,False,False,1,1,1.0,1.0,1,1,1,1,1
fastify,0.35.3,hybrid,fastify-nl-04,natural,success,43.362083000014536,False,False,0,0,0.16666666666666666,0.3562071871080222,N/A,N/A,N/A,N/A,N/A
fastify,0.35.3,hybrid,fastify-def-03,explicit,success,10.100582999992184,False,False,1,1,1.0,1.0,1,1,1,1,1
fastify,0.35.3,hybrid,fastify-nl-01,natural,success,34.93887499999255,False,False,1,1,1.0,1.0,N/A,N/A,N/A,N/A,N/A
fastify,0.35.3,hybrid,fastify-def-02,explicit,success,10.678292000025976,False,False,1,1,1.0,1.0,1,1,1,1,1
fastify,0.35.3,hybrid,fastify-def-01,explicit,success,10.349707999965176,False,False,1,1,1.0,1.0,1,1,1,1,1
fastify,0.35.3,hybrid,fastify-nl-02,natural,success,48.293791999982204,False,False,1,1,1.0,1.0,N/A,N/A,N/A,N/A,N/A
fastify,0.35.3,hybrid,fastify-def-05,explicit,success,10.020499999984168,False,False,1,1,1.0,1.0,1,1,1,1,1
fastify,0.35.3,hybrid,fastify-nl-05,natural,success,43.68687499995576,False,False,0,1,0.3333333333333333,0.5,N/A,N/A,N/A,N/A,N/A
fastify,0.35.3,hybrid,fastify-def-04,explicit,success,10.26312500005588,False,False,1,1,1.0,1.0,1,0,1,1,0
fastify,0.35.3,structural,fastify-nl-03,natural,success,21.20300000003772,True,False,0,0,0,0.0,N/A,N/A,N/A,N/A,N/A
fastify,0.35.3,structural,fastify-def-06,explicit,success,12.013959000003524,False,False,1,1,1.0,1.0,1,1,1,1,1
fastify,0.35.3,structural,fastify-nl-04,natural,success,11.653708000027109,False,False,0,0,0.14285714285714285,0.3333333333333333,N/A,N/A,N/A,N/A,N/A
fastify,0.35.3,structural,fastify-def-03,explicit,success,10.260083000001032,False,False,1,1,1.0,1.0,1,1,1,1,1
fastify,0.35.3,structural,fastify-nl-01,natural,success,10.07916700001806,False,False,1,1,1.0,1.0,N/A,N/A,N/A,N/A,N/A
fastify,0.35.3,structural,fastify-def-02,explicit,success,9.818499999993946,False,False,1,1,1.0,1.0,1,1,1,1,1
fastify,0.35.3,structural,fastify-def-01,explicit,success,10.164624999975786,False,False,1,1,1.0,1.0,1,1,1,1,1
fastify,0.35.3,structural,fastify-nl-02,natural,success,23.955208999977913,False,False,0,0,0,0.0,N/A,N/A,N/A,N/A,N/A
fastify,0.35.3,structural,fastify-def-05,explicit,success,10.163875000027474,False,False,1,1,1.0,1.0,1,1,1,1,1
fastify,0.35.3,structural,fastify-nl-05,natural,success,21.431375000043772,False,False,1,1,1.0,1.0,N/A,N/A,N/A,N/A,N/A
fastify,0.35.3,structural,fastify-def-04,explicit,success,9.956624999991618,False,False,1,1,1.0,1.0,1,0,1,1,0
fastify,0.36.1,structural,fastify-nl-03,natural,success,21.616458000033163,True,False,0,0,0,0.0,N/A,N/A,N/A,N/A,N/A
fastify,0.36.1,structural,fastify-def-06,explicit,success,13.193041999998968,False,False,1,1,1.0,1.0,1,1,1,1,1
fastify,0.36.1,structural,fastify-nl-04,natural,success,11.71637500001816,False,False,0,0,0.14285714285714285,0.3333333333333333,N/A,N/A,N/A,N/A,N/A
fastify,0.36.1,structural,fastify-def-03,explicit,success,11.319207999971695,False,False,1,1,1.0,1.0,1,1,1,1,1
fastify,0.36.1,structural,fastify-nl-01,natural,success,11.014708000002429,False,False,1,1,1.0,1.0,N/A,N/A,N/A,N/A,N/A
fastify,0.36.1,structural,fastify-def-02,explicit,success,11.882458999985829,False,False,1,1,1.0,1.0,1,1,1,1,1
fastify,0.36.1,structural,fastify-def-01,explicit,success,11.161667000036687,False,False,1,1,1.0,1.0,1,1,1,1,1
fastify,0.36.1,structural,fastify-nl-02,natural,success,23.54395800002385,False,False,0,0,0,0.0,N/A,N/A,N/A,N/A,N/A
fastify,0.36.1,structural,fastify-def-05,explicit,success,11.374333000043407,False,False,1,1,1.0,1.0,1,1,1,1,1
fastify,0.36.1,structural,fastify-nl-05,natural,success,20.794417000026442,False,False,1,1,1.0,1.0,N/A,N/A,N/A,N/A,N/A
fastify,0.36.1,structural,fastify-def-04,explicit,success,11.199625000008382,False,False,1,1,1.0,1.0,1,0,1,1,0
hono,0.36.1,hybrid,hono-def-06,explicit,success,23.709000000031665,True,False,1,1,1.0,1.0,1,1,1,1,1
hono,0.36.1,hybrid,hono-def-02,explicit,success,21.758583999995608,False,False,1,1,1.0,1.0,1,0,1,1,0
hono,0.36.1,hybrid,hono-def-05,explicit,success,22.87712499999907,False,False,1,1,1.0,1.0,1,0,1,1,0
hono,0.36.1,hybrid,hono-def-04,explicit,success,22.402916999999434,False,False,1,1,1.0,1.0,1,0,1,1,0
hono,0.36.1,hybrid,hono-nl-04,natural,success,73.10037499997998,False,False,0,0,0,0.0,N/A,N/A,N/A,N/A,N/A
hono,0.36.1,hybrid,hono-def-03,explicit,success,23.53445899998769,False,False,1,1,1.0,1.0,1,0,1,1,0
hono,0.36.1,hybrid,hono-nl-01,natural,success,49.30116700002691,False,False,0,0,0,0.0,N/A,N/A,N/A,N/A,N/A
hono,0.36.1,hybrid,hono-nl-03,natural,success,42.54833299998427,False,False,1,1,1.0,1.0,N/A,N/A,N/A,N/A,N/A
hono,0.36.1,hybrid,hono-def-01,explicit,success,23.216084000014234,False,False,1,1,1.0,1.0,1,0,1,1,0
hono,0.36.1,hybrid,hono-nl-05,natural,success,46.51304200000595,False,False,0,1,0.5,0.6309297535714575,N/A,N/A,N/A,N/A,N/A
hono,0.36.1,hybrid,hono-nl-02,natural,success,33.98199999995995,False,False,0,1,0.25,0.43067655807339306,N/A,N/A,N/A,N/A,N/A
hono,0.35.3,hybrid,hono-def-06,explicit,success,23.320249999989755,True,False,1,1,1.0,1.0,1,1,1,1,1
hono,0.35.3,hybrid,hono-def-02,explicit,success,22.683542000013404,False,False,1,1,1.0,1.0,1,0,1,1,0
hono,0.35.3,hybrid,hono-def-05,explicit,success,21.723125000018626,False,False,1,1,1.0,1.0,1,0,1,1,0
hono,0.35.3,hybrid,hono-def-04,explicit,success,21.04395800002385,False,False,1,1,1.0,1.0,1,0,1,1,0
hono,0.35.3,hybrid,hono-nl-04,natural,success,71.18366700003389,False,False,0,0,0,0.0,N/A,N/A,N/A,N/A,N/A
hono,0.35.3,hybrid,hono-def-03,explicit,success,22.210958000039682,False,False,1,1,1.0,1.0,1,0,1,1,0
hono,0.35.3,hybrid,hono-nl-01,natural,success,45.18429200001992,False,False,0,0,0,0.0,N/A,N/A,N/A,N/A,N/A
hono,0.35.3,hybrid,hono-nl-03,natural,success,41.45175000000745,False,False,0,1,0.3333333333333333,0.5,N/A,N/A,N/A,N/A,N/A
hono,0.35.3,hybrid,hono-def-01,explicit,success,22.531084000016563,False,False,1,1,1.0,1.0,1,0,1,1,0
hono,0.35.3,hybrid,hono-nl-05,natural,success,53.74183399998583,False,False,1,1,1.0,1.0,N/A,N/A,N/A,N/A,N/A
hono,0.35.3,hybrid,hono-nl-02,natural,success,39.499458000063896,False,False,0,1,0.25,0.43067655807339306,N/A,N/A,N/A,N/A,N/A
hono,0.35.3,structural,hono-def-06,explicit,success,24.444332999992184,True,False,1,1,1.0,1.0,1,1,1,1,1
hono,0.35.3,structural,hono-def-02,explicit,success,23.47491600003559,False,False,1,1,1.0,1.0,1,0,1,1,0
hono,0.35.3,structural,hono-def-05,explicit,success,22.23279200005345,False,False,1,1,1.0,1.0,1,0,1,1,0
hono,0.35.3,structural,hono-def-04,explicit,success,21.27862500003539,False,False,1,1,1.0,1.0,1,0,1,1,0
hono,0.35.3,structural,hono-nl-04,natural,success,38.12512500002049,False,False,0,0,0,0.0,N/A,N/A,N/A,N/A,N/A
hono,0.35.3,structural,hono-def-03,explicit,success,23.375249999924563,False,False,1,1,1.0,1.0,1,0,1,1,0
hono,0.35.3,structural,hono-nl-01,natural,success,13.31691699998919,False,False,0,0,0,0.0,N/A,N/A,N/A,N/A,N/A
hono,0.35.3,structural,hono-nl-03,natural,success,25.475167000084184,False,False,0,1,0.3333333333333333,0.5,N/A,N/A,N/A,N/A,N/A
hono,0.35.3,structural,hono-def-01,explicit,success,22.630957999965176,False,False,1,1,1.0,1.0,1,0,1,1,0
hono,0.35.3,structural,hono-nl-05,natural,success,23.702916000038385,False,False,1,1,1.0,1.0,N/A,N/A,N/A,N/A,N/A
hono,0.35.3,structural,hono-nl-02,natural,success,8.62424999999348,False,False,1,1,1.0,1.0,N/A,N/A,N/A,N/A,N/A
hono,0.36.1,structural,hono-def-06,explicit,success,24.098375000059605,True,False,1,1,1.0,1.0,1,1,1,1,1
hono,0.36.1,structural,hono-def-02,explicit,success,23.18795799999498,False,False,1,1,1.0,1.0,1,0,1,1,0
hono,0.36.1,structural,hono-def-05,explicit,success,23.132040999946184,False,False,1,1,1.0,1.0,1,0,1,1,0
hono,0.36.1,structural,hono-def-04,explicit,success,22.428874999983236,False,False,1,1,1.0,1.0,1,0,1,1,0
hono,0.36.1,structural,hono-nl-04,natural,success,36.18000000005122,False,False,0,0,0,0.0,N/A,N/A,N/A,N/A,N/A
hono,0.36.1,structural,hono-def-03,explicit,success,22.69074999995064,False,False,1,1,1.0,1.0,1,0,1,1,0
hono,0.36.1,structural,hono-nl-01,natural,success,11.773459000047296,False,False,0,0,0,0.0,N/A,N/A,N/A,N/A,N/A
hono,0.36.1,structural,hono-nl-03,natural,success,22.791250000009313,False,False,0,1,0.3333333333333333,0.5,N/A,N/A,N/A,N/A,N/A
hono,0.36.1,structural,hono-def-01,explicit,success,23.97158400004264,False,False,1,1,1.0,1.0,1,0,1,1,0
hono,0.36.1,structural,hono-nl-05,natural,success,26.27525000006426,False,False,1,1,1.0,1.0,N/A,N/A,N/A,N/A,N/A
hono,0.36.1,structural,hono-nl-02,natural,success,8.703541000024416,False,False,1,1,1.0,1.0,N/A,N/A,N/A,N/A,N/A
typer,0.36.1,structural,typer-def-04,explicit,success,20.349665999994613,True,False,1,1,1.0,1.0,1,0,1,1,0
typer,0.36.1,structural,typer-def-02,explicit,success,20.034250000026077,False,False,1,1,1.0,1.0,1,0,1,1,0
typer,0.36.1,structural,typer-def-05,explicit,success,19.665957999997772,False,False,1,1,1.0,1.0,1,1,1,1,1
typer,0.36.1,structural,typer-nl-04,natural,success,20.17683400004171,False,False,1,1,1.0,1.0,N/A,N/A,N/A,N/A,N/A
typer,0.36.1,structural,typer-nl-01,natural,success,26.284083000035025,False,False,0,1,0.3333333333333333,0.5,N/A,N/A,N/A,N/A,N/A
typer,0.36.1,structural,typer-nl-03,natural,success,10.851583000039682,False,False,0,0,0,0.0,N/A,N/A,N/A,N/A,N/A
typer,0.36.1,structural,typer-nl-02,natural,success,10.027791999978945,False,False,0,1,0.5,0.6309297535714575,N/A,N/A,N/A,N/A,N/A
typer,0.36.1,structural,typer-def-01,explicit,success,19.85875000001397,False,False,1,1,1.0,1.0,1,0,1,1,0
typer,0.36.1,structural,typer-nl-05,natural,success,21.61799999990035,False,False,1,1,1.0,1.0,N/A,N/A,N/A,N/A,N/A
typer,0.36.1,structural,typer-def-03,explicit,success,18.946250000037253,False,False,1,1,1.0,1.0,1,0,1,1,0
typer,0.36.1,structural,typer-def-06,explicit,success,18.831291000009514,False,False,1,1,1.0,1.0,1,1,1,1,1
typer,0.35.3,structural,typer-def-04,explicit,success,20.378665999975055,True,False,1,1,1.0,1.0,1,0,1,1,0
typer,0.35.3,structural,typer-def-02,explicit,success,19.7685829999391,False,False,1,1,1.0,1.0,1,0,1,1,0
typer,0.35.3,structural,typer-def-05,explicit,success,20.270375000080094,False,False,1,1,1.0,1.0,1,1,1,1,1
typer,0.35.3,structural,typer-nl-04,natural,success,19.673208000021987,False,False,1,1,1.0,1.0,N/A,N/A,N/A,N/A,N/A
typer,0.35.3,structural,typer-nl-01,natural,success,27.462416999973357,False,False,0,1,0.3333333333333333,0.5,N/A,N/A,N/A,N/A,N/A
typer,0.35.3,structural,typer-nl-03,natural,success,9.676791000063531,False,False,0,0,0,0.0,N/A,N/A,N/A,N/A,N/A
typer,0.35.3,structural,typer-nl-02,natural,success,9.879582999972627,False,False,0,1,0.5,0.6309297535714575,N/A,N/A,N/A,N/A,N/A
typer,0.35.3,structural,typer-def-01,explicit,success,19.728707999922335,False,False,1,1,1.0,1.0,1,0,1,1,0
typer,0.35.3,structural,typer-nl-05,natural,success,23.798875000094995,False,False,1,1,1.0,1.0,N/A,N/A,N/A,N/A,N/A
typer,0.35.3,structural,typer-def-03,explicit,success,18.95020800002385,False,False,1,1,1.0,1.0,1,0,1,1,0
typer,0.35.3,structural,typer-def-06,explicit,success,19.65887499996461,False,False,1,1,1.0,1.0,1,1,1,1,1
typer,0.36.1,hybrid,typer-def-04,explicit,success,22.391834000009112,True,False,1,1,1.0,1.0,1,0,1,1,0
typer,0.36.1,hybrid,typer-def-02,explicit,success,20.609333999920636,False,False,1,1,1.0,1.0,1,0,1,1,0
typer,0.36.1,hybrid,typer-def-05,explicit,success,19.840333999949507,False,False,1,1,1.0,1.0,1,1,1,1,1
typer,0.36.1,hybrid,typer-nl-04,natural,success,52.62075000000186,False,False,1,1,1.0,1.0,N/A,N/A,N/A,N/A,N/A
typer,0.36.1,hybrid,typer-nl-01,natural,success,60.75870800006669,False,False,1,1,1.0,1.0,N/A,N/A,N/A,N/A,N/A
typer,0.36.1,hybrid,typer-nl-03,natural,success,38.60891599999741,False,False,0,0,0,0.0,N/A,N/A,N/A,N/A,N/A
typer,0.36.1,hybrid,typer-nl-02,natural,success,26.35825000004843,False,False,0,1,0.5,0.6309297535714575,N/A,N/A,N/A,N/A,N/A
typer,0.36.1,hybrid,typer-def-01,explicit,success,20.38966700003948,False,False,1,1,1.0,1.0,1,0,1,1,0
typer,0.36.1,hybrid,typer-nl-05,natural,success,44.98687499994412,False,False,0,1,0.25,0.43067655807339306,N/A,N/A,N/A,N/A,N/A
typer,0.36.1,hybrid,typer-def-03,explicit,success,19.358666000072844,False,False,1,1,1.0,1.0,1,0,1,1,0
typer,0.36.1,hybrid,typer-def-06,explicit,success,20.13370899995789,False,False,1,1,1.0,1.0,1,1,1,1,1
typer,0.35.3,hybrid,typer-def-04,explicit,success,20.83154199994169,True,False,1,1,1.0,1.0,1,0,1,1,0
typer,0.35.3,hybrid,typer-def-02,explicit,success,18.563916999963112,False,False,1,1,1.0,1.0,1,0,1,1,0
typer,0.35.3,hybrid,typer-def-05,explicit,success,19.412957999971695,False,False,1,1,1.0,1.0,1,1,1,1,1
typer,0.35.3,hybrid,typer-nl-04,natural,success,52.03520800010301,False,False,1,1,1.0,1.0,N/A,N/A,N/A,N/A,N/A
typer,0.35.3,hybrid,typer-nl-01,natural,success,40.167333999997936,False,False,0,1,0.5,0.6309297535714575,N/A,N/A,N/A,N/A,N/A
typer,0.35.3,hybrid,typer-nl-03,natural,success,42.68162500008475,False,False,0,0,0,0.0,N/A,N/A,N/A,N/A,N/A
typer,0.35.3,hybrid,typer-nl-02,natural,success,26.051250000018626,False,False,0,1,0.5,0.6309297535714575,N/A,N/A,N/A,N/A,N/A
typer,0.35.3,hybrid,typer-def-01,explicit,success,18.802790999994613,False,False,1,1,1.0,1.0,1,0,1,1,0
typer,0.35.3,hybrid,typer-nl-05,natural,success,52.36324999993667,False,False,0,1,0.5,0.6309297535714575,N/A,N/A,N/A,N/A,N/A
typer,0.35.3,hybrid,typer-def-03,explicit,success,19.500584000023082,False,False,1,1,1.0,1.0,1,0,1,1,0
typer,0.35.3,hybrid,typer-def-06,explicit,success,19.428334000054747,False,False,1,1,1.0,1.0,1,1,1,1,1
gin,0.36.1,structural,gin-natural-05,natural,success,19.21762500004843,True,False,1,1,1.0,1.0,N/A,N/A,N/A,N/A,N/A
gin,0.36.1,structural,gin-explicit-03,explicit,success,14.587874999968335,False,False,1,1,1.0,1.0,1,0,1,1,0
gin,0.36.1,structural,gin-natural-04,natural,success,30.708042000071146,False,False,0,1,0.5,0.6309297535714575,N/A,N/A,N/A,N/A,N/A
gin,0.36.1,structural,gin-natural-02,natural,success,24.246124999946915,False,False,0,1,0.2,0.45560514958746035,N/A,N/A,N/A,N/A,N/A
gin,0.36.1,structural,gin-explicit-06,explicit,success,13.829124999931082,False,False,1,1,1.0,1.0,1,0,1,1,0
gin,0.36.1,structural,gin-natural-03,natural,success,8.58233299991116,False,False,0,0,0.1,0.2890648263178879,N/A,N/A,N/A,N/A,N/A
gin,0.36.1,structural,gin-natural-01,natural,success,24.17079200001899,False,False,1,1,1.0,1.0,N/A,N/A,N/A,N/A,N/A
gin,0.36.1,structural,gin-explicit-04,explicit,success,12.473708000034094,False,False,1,1,1.0,1.0,1,1,1,1,1
gin,0.36.1,structural,gin-explicit-01,explicit,success,11.747499999939464,False,False,1,1,1.0,1.0,1,0,1,1,0
gin,0.36.1,structural,gin-explicit-05,explicit,success,11.486916000023484,False,False,1,1,1.0,1.0,1,0,1,1,0
gin,0.36.1,structural,gin-explicit-02,explicit,success,12.226499999989755,False,False,1,1,1.0,1.0,1,1,1,1,1
gin,0.35.3,structural,gin-natural-05,natural,success,20.412040999974124,True,False,1,1,1.0,1.0,N/A,N/A,N/A,N/A,N/A
gin,0.35.3,structural,gin-explicit-03,explicit,success,12.64137500000652,False,False,0,0,0,0.0,0,0,0,0,0
gin,0.35.3,structural,gin-natural-04,natural,success,31.913958000019193,False,False,0,1,0.5,0.6309297535714575,N/A,N/A,N/A,N/A,N/A
gin,0.35.3,structural,gin-natural-02,natural,success,25.892833999940194,False,False,0,1,0.3333333333333333,0.5706417189553201,N/A,N/A,N/A,N/A,N/A
gin,0.35.3,structural,gin-explicit-06,explicit,success,12.515041999984533,False,False,1,1,1.0,1.0,1,0,1,1,0
gin,0.35.3,structural,gin-natural-03,natural,success,9.15666700003203,False,False,0,0,0.1,0.2890648263178879,N/A,N/A,N/A,N/A,N/A
gin,0.35.3,structural,gin-natural-01,natural,success,24.897165999980643,False,False,1,1,1.0,1.0,N/A,N/A,N/A,N/A,N/A
gin,0.35.3,structural,gin-explicit-04,explicit,success,12.650459000025876,False,False,0,0,0,0.0,0,0,0,0,0
gin,0.35.3,structural,gin-explicit-01,explicit,success,11.333833000040613,False,False,1,1,1.0,1.0,1,0,1,1,0
gin,0.35.3,structural,gin-explicit-05,explicit,success,11.033666000002995,False,False,1,1,1.0,1.0,1,0,1,1,0
gin,0.35.3,structural,gin-explicit-02,explicit,success,10.682999999960884,False,False,0,0,0,0.0,0,0,0,0,0
gin,0.35.3,hybrid,gin-natural-05,natural,success,55.141166999936104,True,False,1,1,1.0,1.0,N/A,N/A,N/A,N/A,N/A
gin,0.35.3,hybrid,gin-explicit-03,explicit,success,12.552082999958657,False,False,0,0,0,0.0,0,0,0,0,0
gin,0.35.3,hybrid,gin-natural-04,natural,success,66.33412500005215,False,False,0,1,0.5,0.6309297535714575,N/A,N/A,N/A,N/A,N/A
gin,0.35.3,hybrid,gin-natural-02,natural,success,53.555249999975786,False,False,0,1,0.3333333333333333,0.5706417189553201,N/A,N/A,N/A,N/A,N/A
gin,0.35.3,hybrid,gin-explicit-06,explicit,success,12.57887500000652,False,False,1,1,1.0,1.0,1,0,1,1,0
gin,0.35.3,hybrid,gin-natural-03,natural,success,45.3341660000151,False,False,0,0,0.125,0.31546487678572877,N/A,N/A,N/A,N/A,N/A
gin,0.35.3,hybrid,gin-natural-01,natural,success,43.160458999918774,False,False,1,1,1.0,1.0,N/A,N/A,N/A,N/A,N/A
gin,0.35.3,hybrid,gin-explicit-04,explicit,success,11.99904200003948,False,False,0,0,0,0.0,0,0,0,0,0
gin,0.35.3,hybrid,gin-explicit-01,explicit,success,11.178249999997206,False,False,1,1,1.0,1.0,1,0,1,1,0
gin,0.35.3,hybrid,gin-explicit-05,explicit,success,11.234166000038385,False,False,1,1,1.0,1.0,1,0,1,1,0
gin,0.35.3,hybrid,gin-explicit-02,explicit,success,11.056791999959387,False,False,0,0,0,0.0,0,0,0,0,0
gin,0.36.1,hybrid,gin-natural-05,natural,success,53.66512499994133,True,False,1,1,1.0,1.0,N/A,N/A,N/A,N/A,N/A
gin,0.36.1,hybrid,gin-explicit-03,explicit,success,14.844665999989957,False,False,1,1,1.0,1.0,1,0,1,1,0
gin,0.36.1,hybrid,gin-natural-04,natural,success,55.32291599991731,False,False,1,1,1.0,1.0,N/A,N/A,N/A,N/A,N/A
gin,0.36.1,hybrid,gin-natural-02,natural,success,50.02700000000186,False,False,1,1,1.0,0.9197207891481876,N/A,N/A,N/A,N/A,N/A
gin,0.36.1,hybrid,gin-explicit-06,explicit,success,12.821458999998868,False,False,1,1,1.0,1.0,1,0,1,1,0
gin,0.36.1,hybrid,gin-natural-03,natural,success,36.489958000020124,False,False,0,0,0.1,0.2890648263178879,N/A,N/A,N/A,N/A,N/A
gin,0.36.1,hybrid,gin-natural-01,natural,success,30.465042000054382,False,False,1,1,1.0,1.0,N/A,N/A,N/A,N/A,N/A
gin,0.36.1,hybrid,gin-explicit-04,explicit,success,12.565583999967203,False,False,1,1,1.0,1.0,1,1,1,1,1
gin,0.36.1,hybrid,gin-explicit-01,explicit,success,12.622541000018828,False,False,1,1,1.0,1.0,1,0,1,1,0
gin,0.36.1,hybrid,gin-explicit-05,explicit,success,12.619999999995343,False,False,1,1,1.0,1.0,1,0,1,1,0
gin,0.36.1,hybrid,gin-explicit-02,explicit,success,11.028708000085317,False,False,1,1,1.0,1.0,1,1,1,1,1
clap,0.36.1,structural,clap-natural-03,natural,success,24.450459000072442,True,False,0,0,0,0.0,N/A,N/A,N/A,N/A,N/A
clap,0.36.1,structural,clap-natural-04,natural,success,15.484790999908,False,False,0,0,0.14285714285714285,0.3333333333333333,N/A,N/A,N/A,N/A,N/A
clap,0.36.1,structural,clap-explicit-05,explicit,success,41.92200000002049,False,False,0,1,0.5,0.6309297535714575,1,1,1,1,1
clap,0.36.1,structural,clap-explicit-04,explicit,success,39.89383399998769,False,False,1,1,1.0,1.0,1,0,1,1,0
clap,0.36.1,structural,clap-natural-02,natural,success,32.63712500000838,False,False,0,0,0,0.0,N/A,N/A,N/A,N/A,N/A
clap,0.36.1,structural,clap-natural-05,natural,success,26.133042000001296,False,False,1,1,1.0,1.0,N/A,N/A,N/A,N/A,N/A
clap,0.36.1,structural,clap-explicit-06,explicit,success,39.63774999999441,False,False,1,1,1.0,1.0,1,1,1,1,1
clap,0.36.1,structural,clap-explicit-03,explicit,success,38.42541699996218,False,False,1,1,1.0,1.0,1,0,1,1,0
clap,0.36.1,structural,clap-natural-06,natural,success,14.026249999995343,False,False,0,1,0.3333333333333333,0.5,N/A,N/A,N/A,N/A,N/A
clap,0.36.1,structural,clap-explicit-01,explicit,success,37.45383299991954,False,False,1,1,1.0,1.0,1,0,1,1,0
clap,0.36.1,structural,clap-explicit-02,explicit,success,37.64008299994748,False,False,1,1,1.0,1.0,1,1,1,1,1
clap,0.36.1,structural,clap-natural-01,natural,success,29.27866599999834,False,False,0,0,0,0.0,N/A,N/A,N/A,N/A,N/A
clap,0.35.3,structural,clap-natural-03,natural,success,19.92524999997113,True,False,0,0,0,0.0,N/A,N/A,N/A,N/A,N/A
clap,0.35.3,structural,clap-natural-04,natural,success,12.870457999990322,False,False,0,0,0.14285714285714285,0.3333333333333333,N/A,N/A,N/A,N/A,N/A
clap,0.35.3,structural,clap-explicit-05,explicit,success,18.784542000037618,False,False,0,0,0,0.0,0,0,0,0,0
clap,0.35.3,structural,clap-explicit-04,explicit,success,18.49033300008159,False,False,1,1,1.0,1.0,1,0,1,1,0
clap,0.35.3,structural,clap-natural-02,natural,success,29.945874999975786,False,False,0,0,0,0.0,N/A,N/A,N/A,N/A,N/A
clap,0.35.3,structural,clap-natural-05,natural,success,26.611458999919705,False,False,0,0,0,0.0,N/A,N/A,N/A,N/A,N/A
clap,0.35.3,structural,clap-explicit-06,explicit,success,17.54366600001231,False,False,0,0,0,0.0,0,0,0,0,0
clap,0.35.3,structural,clap-explicit-03,explicit,success,15.753250000067055,False,False,0,0,0,0.0,0,0,0,0,0
clap,0.35.3,structural,clap-natural-06,natural,success,10.45104099996388,False,False,0,0,0,0.0,N/A,N/A,N/A,N/A,N/A
clap,0.35.3,structural,clap-explicit-01,explicit,success,16.29291600000579,False,False,0,0,0,0.0,0,0,0,0,0
clap,0.35.3,structural,clap-explicit-02,explicit,success,16.27591600001324,False,False,0,0,0,0.0,0,0,0,0,0
clap,0.35.3,structural,clap-natural-01,natural,success,27.240292000002228,False,False,0,0,0,0.0,N/A,N/A,N/A,N/A,N/A
clap,0.36.1,hybrid,clap-natural-03,natural,success,63.735916999867186,True,False,0,0,0,0.0,N/A,N/A,N/A,N/A,N/A
clap,0.36.1,hybrid,clap-natural-04,natural,success,47.68704200000502,False,False,0,0,0.1111111111111111,0.3010299956639812,N/A,N/A,N/A,N/A,N/A
clap,0.36.1,hybrid,clap-explicit-05,explicit,success,40.88058399991132,False,False,0,1,0.5,0.6309297535714575,1,1,1,1,1
clap,0.36.1,hybrid,clap-explicit-04,explicit,success,40.675958999898285,False,False,1,1,1.0,1.0,1,0,1,1,0
clap,0.36.1,hybrid,clap-natural-02,natural,success,59.277459000004455,False,False,0,0,0.16666666666666666,0.3562071871080222,N/A,N/A,N/A,N/A,N/A
clap,0.36.1,hybrid,clap-natural-05,natural,success,64.44858399988152,False,False,1,1,1.0,1.0,N/A,N/A,N/A,N/A,N/A
clap,0.36.1,hybrid,clap-explicit-06,explicit,success,39.44504200015217,False,False,1,1,1.0,1.0,1,1,1,1,1
clap,0.36.1,hybrid,clap-explicit-03,explicit,success,37.56374999997206,False,False,1,1,1.0,1.0,1,0,1,1,0
clap,0.36.1,hybrid,clap-natural-06,natural,success,45.40474999998696,False,False,1,1,1.0,1.0,N/A,N/A,N/A,N/A,N/A
clap,0.36.1,hybrid,clap-explicit-01,explicit,success,39.1801249999553,False,False,1,1,1.0,1.0,1,0,1,1,0
clap,0.36.1,hybrid,clap-explicit-02,explicit,success,38.77070899982937,False,False,1,1,1.0,1.0,1,1,1,1,1
clap,0.36.1,hybrid,clap-natural-01,natural,success,61.55504100001417,False,False,0,0,0,0.0,N/A,N/A,N/A,N/A,N/A
clap,0.35.3,hybrid,clap-natural-03,natural,success,57.49891600012779,True,False,0,0,0,0.0,N/A,N/A,N/A,N/A,N/A
clap,0.35.3,hybrid,clap-natural-04,natural,success,39.089125000173226,False,False,0,0,0.1111111111111111,0.3010299956639812,N/A,N/A,N/A,N/A,N/A
clap,0.35.3,hybrid,clap-explicit-05,explicit,success,19.323457999853417,False,False,0,0,0,0.0,0,0,0,0,0
clap,0.35.3,hybrid,clap-explicit-04,explicit,success,16.945874999975786,False,False,1,1,1.0,1.0,1,0,1,1,0
clap,0.35.3,hybrid,clap-natural-02,natural,success,61.0230000000447,False,False,0,0,0,0.0,N/A,N/A,N/A,N/A,N/A
clap,0.35.3,hybrid,clap-natural-05,natural,success,56.209333000006154,False,False,0,0,0,0.0,N/A,N/A,N/A,N/A,N/A
clap,0.35.3,hybrid,clap-explicit-06,explicit,success,16.031958000035957,False,False,0,0,0,0.0,0,0,0,0,0
clap,0.35.3,hybrid,clap-explicit-03,explicit,success,16.713792000198737,False,False,0,0,0,0.0,0,0,0,0,0
clap,0.35.3,hybrid,clap-natural-06,natural,success,40.54712500004098,False,False,0,0,0,0.0,N/A,N/A,N/A,N/A,N/A
clap,0.35.3,hybrid,clap-explicit-01,explicit,success,16.02220800006762,False,False,0,0,0,0.0,0,0,0,0,0
clap,0.35.3,hybrid,clap-explicit-02,explicit,success,15.559083000058308,False,False,0,0,0,0.0,0,0,0,0,0
clap,0.35.3,hybrid,clap-natural-01,natural,success,63.91549999988638,False,False,0,0,0,0.0,N/A,N/A,N/A,N/A,N/A
moshi,0.35.3,hybrid,moshi-natural-01,natural,success,59.05470800003968,True,False,0,0,0,0.0,N/A,N/A,N/A,N/A,N/A
moshi,0.35.3,hybrid,moshi-explicit-03,explicit,success,13.092459000181407,False,False,0,0,0,0.0,0,0,0,0,0
moshi,0.35.3,hybrid,moshi-natural-05,natural,success,45.823084000032395,False,False,0,0,0,0.0,N/A,N/A,N/A,N/A,N/A
moshi,0.35.3,hybrid,moshi-explicit-04,explicit,success,11.320291999960318,False,False,0,0,0,0.0,0,0,0,0,0
moshi,0.35.3,hybrid,moshi-natural-02,natural,success,45.225584000116214,False,False,0,0,0,0.0,N/A,N/A,N/A,N/A,N/A
moshi,0.35.3,hybrid,moshi-natural-03,natural,success,38.61983300000429,False,False,0,0,0,0.0,N/A,N/A,N/A,N/A,N/A
moshi,0.35.3,hybrid,moshi-explicit-01,explicit,success,12.222250000108033,False,False,0,0,0,0.0,0,0,0,0,0
moshi,0.35.3,hybrid,moshi-natural-04,natural,success,44.7476659999229,False,False,0,0,0,0.0,N/A,N/A,N/A,N/A,N/A
moshi,0.35.3,hybrid,moshi-explicit-02,explicit,success,10.616541000083089,False,False,0,0,0,0.0,0,0,0,0,0
moshi,0.35.3,hybrid,moshi-explicit-06,explicit,success,10.3349580001086,False,False,0,0,0,0.0,0,0,0,0,0
moshi,0.35.3,hybrid,moshi-explicit-05,explicit,success,11.206833000062034,False,False,0,0,0,0.0,0,0,0,0,0
moshi,0.36.1,hybrid,moshi-natural-01,natural,success,85.24637500010431,True,False,0,1,0.5,0.6309297535714575,N/A,N/A,N/A,N/A,N/A
moshi,0.36.1,hybrid,moshi-explicit-03,explicit,success,45.40641700010747,False,False,1,1,1.0,1.0,1,0,1,1,0
moshi,0.36.1,hybrid,moshi-natural-05,natural,success,64.63683299999684,False,False,1,1,1.0,1.0,N/A,N/A,N/A,N/A,N/A
moshi,0.36.1,hybrid,moshi-explicit-04,explicit,success,41.013416999951005,False,False,1,1,1.0,1.0,1,0,1,1,0
moshi,0.36.1,hybrid,moshi-natural-02,natural,success,62.67454100004397,False,False,0,0,0.1,0.2890648263178879,N/A,N/A,N/A,N/A,N/A
moshi,0.36.1,hybrid,moshi-natural-03,natural,success,65.23495900002308,False,False,1,1,1.0,1.0,N/A,N/A,N/A,N/A,N/A
moshi,0.36.1,hybrid,moshi-explicit-01,explicit,success,40.20254199998453,False,False,1,1,1.0,1.0,1,0,1,1,0
moshi,0.36.1,hybrid,moshi-natural-04,natural,success,60.74987499997951,False,False,1,1,1.0,1.0,N/A,N/A,N/A,N/A,N/A
moshi,0.36.1,hybrid,moshi-explicit-02,explicit,success,40.53087499993853,False,False,1,1,1.0,1.0,1,0,1,1,0
moshi,0.36.1,hybrid,moshi-explicit-06,explicit,success,40.20849999994971,False,False,1,1,1.0,1.0,1,1,1,1,1
moshi,0.36.1,hybrid,moshi-explicit-05,explicit,success,39.55858299997635,False,False,1,1,1.0,1.0,1,0,1,1,0
moshi,0.35.3,structural,moshi-natural-01,natural,success,36.04670899990015,True,False,0,0,0,0.0,N/A,N/A,N/A,N/A,N/A
moshi,0.35.3,structural,moshi-explicit-03,explicit,success,14.219000000040978,False,False,0,0,0,0.0,0,0,0,0,0
moshi,0.35.3,structural,moshi-natural-05,natural,success,23.087459000060335,False,False,0,0,0,0.0,N/A,N/A,N/A,N/A,N/A
moshi,0.35.3,structural,moshi-explicit-04,explicit,success,12.79245900013484,False,False,0,0,0,0.0,0,0,0,0,0
moshi,0.35.3,structural,moshi-natural-02,natural,success,22.689707999816164,False,False,0,0,0,0.0,N/A,N/A,N/A,N/A,N/A
moshi,0.35.3,structural,moshi-natural-03,natural,success,24.021707999985665,False,False,0,0,0,0.0,N/A,N/A,N/A,N/A,N/A
moshi,0.35.3,structural,moshi-explicit-01,explicit,success,10.932334000011906,False,False,0,0,0,0.0,0,0,0,0,0
moshi,0.35.3,structural,moshi-natural-04,natural,success,23.455250000115484,False,False,0,0,0,0.0,N/A,N/A,N/A,N/A,N/A
moshi,0.35.3,structural,moshi-explicit-02,explicit,success,10.91662500007078,False,False,0,0,0,0.0,0,0,0,0,0
moshi,0.35.3,structural,moshi-explicit-06,explicit,success,10.620583000127226,False,False,0,0,0,0.0,0,0,0,0,0
moshi,0.35.3,structural,moshi-explicit-05,explicit,success,10.387749999994412,False,False,0,0,0,0.0,0,0,0,0,0
moshi,0.36.1,structural,moshi-natural-01,natural,success,44.2242499999702,True,False,0,0,0,0.0,N/A,N/A,N/A,N/A,N/A
moshi,0.36.1,structural,moshi-explicit-03,explicit,success,48.198374999919906,False,False,1,1,1.0,1.0,1,0,1,1,0
moshi,0.36.1,structural,moshi-natural-05,natural,success,28.847667000023648,False,False,1,1,1.0,1.0,N/A,N/A,N/A,N/A,N/A
moshi,0.36.1,structural,moshi-explicit-04,explicit,success,42.072959000011906,False,False,1,1,1.0,1.0,1,0,1,1,0
moshi,0.36.1,structural,moshi-natural-02,natural,success,31.604625000152737,False,False,0,0,0,0.0,N/A,N/A,N/A,N/A,N/A
moshi,0.36.1,structural,moshi-natural-03,natural,success,29.417417000047863,False,False,0,1,0.2,0.38685280723454163,N/A,N/A,N/A,N/A,N/A
moshi,0.36.1,structural,moshi-explicit-01,explicit,success,43.70041699986905,False,False,1,1,1.0,1.0,1,0,1,1,0
moshi,0.36.1,structural,moshi-natural-04,natural,success,30.366374999983236,False,False,1,1,1.0,1.0,N/A,N/A,N/A,N/A,N/A
moshi,0.36.1,structural,moshi-explicit-02,explicit,success,40.73716700007208,False,False,1,1,1.0,1.0,1,0,1,1,0
moshi,0.36.1,structural,moshi-explicit-06,explicit,success,39.975749999983236,False,False,1,1,1.0,1.0,1,1,1,1,1
moshi,0.36.1,structural,moshi-explicit-05,explicit,success,40.122874999884516,False,False,1,1,1.0,1.0,1,0,1,1,0
csvhelper,0.36.1,structural,csvhelper-nl-02,natural,success,21.714042000006884,True,False,1,1,1.0,1.0,N/A,N/A,N/A,N/A,N/A
csvhelper,0.36.1,structural,csvhelper-def-06,explicit,success,33.246750000165775,False,False,1,1,1.0,1.0,1,0,1,1,0
csvhelper,0.36.1,structural,csvhelper-def-05,explicit,success,31.104291999945417,False,False,1,1,1.0,1.0,1,0,1,1,0
csvhelper,0.36.1,structural,csvhelper-nl-01,natural,success,29.904374999925494,False,False,0,0,0,0.0,N/A,N/A,N/A,N/A,N/A
csvhelper,0.36.1,structural,csvhelper-nl-04,natural,success,28.426416999893263,False,False,0,0,0,0.0,N/A,N/A,N/A,N/A,N/A
csvhelper,0.36.1,structural,csvhelper-nl-05,natural,success,27.7371249999851,False,False,1,1,1.0,1.0,N/A,N/A,N/A,N/A,N/A
csvhelper,0.36.1,structural,csvhelper-def-03,explicit,success,31.701124999905005,False,False,1,1,1.0,1.0,1,0,1,1,0
csvhelper,0.36.1,structural,csvhelper-def-02,explicit,success,32.49870800017379,False,False,1,1,1.0,1.0,1,0,1,1,0
csvhelper,0.36.1,structural,csvhelper-nl-03,natural,success,11.772166999988258,False,False,0,1,0.5,0.6309297535714575,N/A,N/A,N/A,N/A,N/A
csvhelper,0.36.1,structural,csvhelper-def-04,explicit,success,32.71841700002551,False,False,1,1,1.0,1.0,1,0,1,1,0
csvhelper,0.36.1,structural,csvhelper-def-01,explicit,success,32.37870800006203,False,False,1,1,1.0,1.0,1,0,1,1,0
csvhelper,0.35.3,structural,csvhelper-nl-02,natural,success,24.01729099988006,True,False,1,1,1.0,1.0,N/A,N/A,N/A,N/A,N/A
csvhelper,0.35.3,structural,csvhelper-def-06,explicit,success,27.36062499997206,False,False,1,1,1.0,1.0,1,0,1,1,0
csvhelper,0.35.3,structural,csvhelper-def-05,explicit,success,25.26049999985844,False,False,1,1,1.0,1.0,1,0,1,1,0
csvhelper,0.35.3,structural,csvhelper-nl-01,natural,success,39.22537499992177,False,False,0,0,0,0.0,N/A,N/A,N/A,N/A,N/A
csvhelper,0.35.3,structural,csvhelper-nl-04,natural,success,37.047958000097424,False,False,0,0,0,0.0,N/A,N/A,N/A,N/A,N/A
csvhelper,0.35.3,structural,csvhelper-nl-05,natural,success,39.10170799982734,False,False,1,1,1.0,1.0,N/A,N/A,N/A,N/A,N/A
csvhelper,0.35.3,structural,csvhelper-def-03,explicit,success,25.652584000024945,False,False,1,1,1.0,1.0,1,0,1,1,0
csvhelper,0.35.3,structural,csvhelper-def-02,explicit,success,24.74454200011678,False,False,1,1,1.0,1.0,1,0,1,1,0
csvhelper,0.35.3,structural,csvhelper-nl-03,natural,success,12.057625000132248,False,False,0,1,0.5,0.6309297535714575,N/A,N/A,N/A,N/A,N/A
csvhelper,0.35.3,structural,csvhelper-def-04,explicit,success,24.965416999999434,False,False,1,1,1.0,1.0,1,0,1,1,0
csvhelper,0.35.3,structural,csvhelper-def-01,explicit,success,25.18954100017436,False,False,1,1,1.0,1.0,1,0,1,1,0
csvhelper,0.35.3,hybrid,csvhelper-nl-02,natural,success,52.437707999954,True,False,1,1,1.0,1.0,N/A,N/A,N/A,N/A,N/A
csvhelper,0.35.3,hybrid,csvhelper-def-06,explicit,success,25.376208999892697,False,False,1,1,1.0,1.0,1,0,1,1,0
csvhelper,0.35.3,hybrid,csvhelper-def-05,explicit,success,24.309041999978945,False,False,1,1,1.0,1.0,1,0,1,1,0
csvhelper,0.35.3,hybrid,csvhelper-nl-01,natural,success,75.41512499982491,False,False,0,0,0,0.0,N/A,N/A,N/A,N/A,N/A
csvhelper,0.35.3,hybrid,csvhelper-nl-04,natural,success,60.13479200005531,False,False,0,0,0.1,0.2890648263178879,N/A,N/A,N/A,N/A,N/A
csvhelper,0.35.3,hybrid,csvhelper-nl-05,natural,success,63.84658300015144,False,False,1,1,1.0,1.0,N/A,N/A,N/A,N/A,N/A
csvhelper,0.35.3,hybrid,csvhelper-def-03,explicit,success,24.028375000227243,False,False,1,1,1.0,1.0,1,0,1,1,0
csvhelper,0.35.3,hybrid,csvhelper-def-02,explicit,success,24.257167000090703,False,False,1,1,1.0,1.0,1,0,1,1,0
csvhelper,0.35.3,hybrid,csvhelper-nl-03,natural,success,49.924917000113055,False,False,1,1,1.0,1.0,N/A,N/A,N/A,N/A,N/A
csvhelper,0.35.3,hybrid,csvhelper-def-04,explicit,success,24.075666999910027,False,False,1,1,1.0,1.0,1,0,1,1,0
csvhelper,0.35.3,hybrid,csvhelper-def-01,explicit,success,24.271541999885812,False,False,1,1,1.0,1.0,1,0,1,1,0
csvhelper,0.36.1,hybrid,csvhelper-nl-02,natural,success,57.12008300004527,True,False,1,1,1.0,1.0,N/A,N/A,N/A,N/A,N/A
csvhelper,0.36.1,hybrid,csvhelper-def-06,explicit,success,30.457292000064626,False,False,1,1,1.0,1.0,1,0,1,1,0
csvhelper,0.36.1,hybrid,csvhelper-def-05,explicit,success,30.691916999872774,False,False,1,1,1.0,1.0,1,0,1,1,0
csvhelper,0.36.1,hybrid,csvhelper-nl-01,natural,success,57.08824999979697,False,False,0,0,0.14285714285714285,0.3333333333333333,N/A,N/A,N/A,N/A,N/A
csvhelper,0.36.1,hybrid,csvhelper-nl-04,natural,success,53.64004099997692,False,False,0,1,0.5,0.6309297535714575,N/A,N/A,N/A,N/A,N/A
csvhelper,0.36.1,hybrid,csvhelper-nl-05,natural,success,57.473292000126094,False,False,1,1,1.0,1.0,N/A,N/A,N/A,N/A,N/A
csvhelper,0.36.1,hybrid,csvhelper-def-03,explicit,success,30.377333000069484,False,False,1,1,1.0,1.0,1,0,1,1,0
csvhelper,0.36.1,hybrid,csvhelper-def-02,explicit,success,29.548666999908164,False,False,1,1,1.0,1.0,1,0,1,1,0
csvhelper,0.36.1,hybrid,csvhelper-nl-03,natural,success,42.241167000029236,False,False,1,1,1.0,1.0,N/A,N/A,N/A,N/A,N/A
csvhelper,0.36.1,hybrid,csvhelper-def-04,explicit,success,30.26995799993165,False,False,1,1,1.0,1.0,1,0,1,1,0
csvhelper,0.36.1,hybrid,csvhelper-def-01,explicit,success,31.037999999942258,False,False,1,1,1.0,1.0,1,0,1,1,0
monolog,0.35.3,hybrid,monolog-nl-05,natural,success,78.60245799995027,True,False,0,0,0,0.0,N/A,N/A,N/A,N/A,N/A
monolog,0.35.3,hybrid,monolog-def-04,explicit,success,11.26929199998267,False,False,1,1,1.0,1.0,1,0,1,1,0
monolog,0.35.3,hybrid,monolog-nl-01,natural,success,45.232833000132814,False,False,1,1,1.0,1.0,N/A,N/A,N/A,N/A,N/A
monolog,0.35.3,hybrid,monolog-def-06,explicit,success,9.309750000014901,False,False,1,1,1.0,1.0,1,0,1,1,0
monolog,0.35.3,hybrid,monolog-def-03,explicit,success,8.62604199978523,False,False,1,1,1.0,1.0,1,0,1,1,0
monolog,0.35.3,hybrid,monolog-def-01,explicit,success,8.612457999959588,False,False,1,1,1.0,1.0,1,0,1,1,0
monolog,0.35.3,hybrid,monolog-nl-02,natural,success,65.91233299998567,False,False,0,1,0.5,0.6309297535714575,N/A,N/A,N/A,N/A,N/A
monolog,0.35.3,hybrid,monolog-nl-04,natural,success,42.051500000059605,False,False,1,1,1.0,1.0,N/A,N/A,N/A,N/A,N/A
monolog,0.35.3,hybrid,monolog-def-05,explicit,success,8.666042000055313,False,False,1,1,1.0,1.0,1,0,1,1,0
monolog,0.35.3,hybrid,monolog-nl-03,natural,success,82.78383400011808,False,False,0,1,0.3333333333333333,0.5,N/A,N/A,N/A,N/A,N/A
monolog,0.35.3,hybrid,monolog-def-02,explicit,success,9.583250000141561,False,False,1,1,1.0,1.0,1,0,1,1,0
monolog,0.36.1,hybrid,monolog-nl-05,natural,success,79.17279199999757,True,False,0,1,0.5,0.6309297535714575,N/A,N/A,N/A,N/A,N/A
monolog,0.36.1,hybrid,monolog-def-04,explicit,success,10.977208999916911,False,False,1,1,1.0,1.0,1,0,1,1,0
monolog,0.36.1,hybrid,monolog-nl-01,natural,success,47.21100000012666,False,False,1,1,1.0,1.0,N/A,N/A,N/A,N/A,N/A
monolog,0.36.1,hybrid,monolog-def-06,explicit,success,9.91045800014399,False,False,1,1,1.0,1.0,1,0,1,1,0
monolog,0.36.1,hybrid,monolog-def-03,explicit,success,8.933583999983966,False,False,1,1,1.0,1.0,1,0,1,1,0
monolog,0.36.1,hybrid,monolog-def-01,explicit,success,8.602499999804422,False,False,1,1,1.0,1.0,1,0,1,1,0
monolog,0.36.1,hybrid,monolog-nl-02,natural,success,62.966749999905005,False,False,0,1,0.5,0.6309297535714575,N/A,N/A,N/A,N/A,N/A
monolog,0.36.1,hybrid,monolog-nl-04,natural,success,44.40137499989942,False,False,1,1,1.0,1.0,N/A,N/A,N/A,N/A,N/A
monolog,0.36.1,hybrid,monolog-def-05,explicit,success,8.931791999842972,False,False,1,1,1.0,1.0,1,0,1,1,0
monolog,0.36.1,hybrid,monolog-nl-03,natural,success,60.347917000064626,False,False,0,1,0.25,0.43067655807339306,N/A,N/A,N/A,N/A,N/A
monolog,0.36.1,hybrid,monolog-def-02,explicit,success,8.926958000054583,False,False,1,1,1.0,1.0,1,0,1,1,0
monolog,0.35.3,structural,monolog-nl-05,natural,success,48.747791999951005,True,False,0,0,0,0.0,N/A,N/A,N/A,N/A,N/A
monolog,0.35.3,structural,monolog-def-04,explicit,success,11.248083000071347,False,False,1,1,1.0,1.0,1,0,1,1,0
monolog,0.35.3,structural,monolog-nl-01,natural,success,10.128457999788225,False,False,1,1,1.0,1.0,N/A,N/A,N/A,N/A,N/A
monolog,0.35.3,structural,monolog-def-06,explicit,success,10.161125000100583,False,False,1,1,1.0,1.0,1,0,1,1,0
monolog,0.35.3,structural,monolog-def-03,explicit,success,8.966625000117347,False,False,1,1,1.0,1.0,1,0,1,1,0
monolog,0.35.3,structural,monolog-def-01,explicit,success,8.814041999867186,False,False,1,1,1.0,1.0,1,0,1,1,0
monolog,0.35.3,structural,monolog-nl-02,natural,success,33.79537499998696,False,False,0,1,0.5,0.6309297535714575,N/A,N/A,N/A,N/A,N/A
monolog,0.35.3,structural,monolog-nl-04,natural,success,8.15520799998194,False,False,1,1,1.0,1.0,N/A,N/A,N/A,N/A,N/A
monolog,0.35.3,structural,monolog-def-05,explicit,success,8.373083000071347,False,False,1,1,1.0,1.0,1,0,1,1,0
monolog,0.35.3,structural,monolog-nl-03,natural,success,27.664417000021785,False,False,0,1,0.2,0.38685280723454163,N/A,N/A,N/A,N/A,N/A
monolog,0.35.3,structural,monolog-def-02,explicit,success,8.587540999986231,False,False,1,1,1.0,1.0,1,0,1,1,0
monolog,0.36.1,structural,monolog-nl-05,natural,success,49.560499999905005,True,False,0,0,0,0.0,N/A,N/A,N/A,N/A,N/A
monolog,0.36.1,structural,monolog-def-04,explicit,success,11.776667000027373,False,False,1,1,1.0,1.0,1,0,1,1,0
monolog,0.36.1,structural,monolog-nl-01,natural,success,10.232333000050858,False,False,1,1,1.0,1.0,N/A,N/A,N/A,N/A,N/A
monolog,0.36.1,structural,monolog-def-06,explicit,success,15.039707999909297,False,False,1,1,1.0,1.0,1,0,1,1,0
monolog,0.36.1,structural,monolog-def-03,explicit,success,9.901749999960884,False,False,1,1,1.0,1.0,1,0,1,1,0
monolog,0.36.1,structural,monolog-def-01,explicit,success,8.19912500004284,False,False,1,1,1.0,1.0,1,0,1,1,0
monolog,0.36.1,structural,monolog-nl-02,natural,success,29.06645800010301,False,False,0,1,0.5,0.6309297535714575,N/A,N/A,N/A,N/A,N/A
monolog,0.36.1,structural,monolog-nl-04,natural,success,8.572374999988824,False,False,1,1,1.0,1.0,N/A,N/A,N/A,N/A,N/A
monolog,0.36.1,structural,monolog-def-05,explicit,success,8.334334000013769,False,False,1,1,1.0,1.0,1,0,1,1,0
monolog,0.36.1,structural,monolog-nl-03,natural,success,27.059374999953434,False,False,0,0,0.125,0.31546487678572877,N/A,N/A,N/A,N/A,N/A
monolog,0.36.1,structural,monolog-def-02,explicit,success,8.769041999941692,False,False,1,1,1.0,1.0,1,0,1,1,0
rack,0.35.3,structural,rack-def-03,explicit,success,5.103124999906868,True,False,1,1,1.0,1.0,1,0,1,1,0
rack,0.35.3,structural,rack-nl-01,natural,success,38.573833000147715,False,False,0,0,0,0.0,N/A,N/A,N/A,N/A,N/A
rack,0.35.3,structural,rack-def-05,explicit,success,4.813874999992549,False,False,1,1,1.0,1.0,1,0,1,1,0
rack,0.35.3,structural,rack-nl-04,natural,success,28.07104100007564,False,False,0,0,0,0.0,N/A,N/A,N/A,N/A,N/A
rack,0.35.3,structural,rack-nl-05,natural,success,26.672666999977082,False,False,0,0,0,0.0,N/A,N/A,N/A,N/A,N/A
rack,0.35.3,structural,rack-def-04,explicit,success,4.141374999890104,False,False,1,1,1.0,1.0,1,0,1,1,0
rack,0.35.3,structural,rack-nl-03,natural,success,25.925500000128523,False,False,0,0,0,0.0,N/A,N/A,N/A,N/A,N/A
rack,0.35.3,structural,rack-nl-02,natural,success,24.27362499991432,False,False,0,0,0.14285714285714285,0.3333333333333333,N/A,N/A,N/A,N/A,N/A
rack,0.35.3,structural,rack-def-01,explicit,success,4.563458000076935,False,False,1,1,1.0,1.0,1,0,1,1,0
rack,0.35.3,structural,rack-def-02,explicit,success,3.60287500009872,False,False,1,1,1.0,1.0,1,0,1,1,0
rack,0.35.3,structural,rack-def-06,explicit,success,3.847499999916181,False,False,1,1,1.0,1.0,1,0,1,1,0
rack,0.36.1,structural,rack-def-03,explicit,success,11.096040999982506,True,False,1,1,1.0,1.0,1,0,1,1,0
rack,0.36.1,structural,rack-nl-01,natural,success,37.98629199992865,False,False,0,0,0,0.0,N/A,N/A,N/A,N/A,N/A
rack,0.36.1,structural,rack-def-05,explicit,success,11.141541999997571,False,False,1,1,1.0,1.0,1,0,1,1,0
rack,0.36.1,structural,rack-nl-04,natural,success,26.147750000003725,False,False,0,0,0,0.0,N/A,N/A,N/A,N/A,N/A
rack,0.36.1,structural,rack-nl-05,natural,success,23.652541999937966,False,False,0,0,0,0.0,N/A,N/A,N/A,N/A,N/A
rack,0.36.1,structural,rack-def-04,explicit,success,9.477500000037253,False,False,1,1,1.0,1.0,1,0,1,1,0
rack,0.36.1,structural,rack-nl-03,natural,success,24.43329199985601,False,False,0,0,0,0.0,N/A,N/A,N/A,N/A,N/A
rack,0.36.1,structural,rack-nl-02,natural,success,22.837874999968335,False,False,0,0,0.14285714285714285,0.3333333333333333,N/A,N/A,N/A,N/A,N/A
rack,0.36.1,structural,rack-def-01,explicit,success,9.292750000022352,False,False,1,1,1.0,1.0,1,0,1,1,0
rack,0.36.1,structural,rack-def-02,explicit,success,8.01845800015144,False,False,1,1,1.0,1.0,1,0,1,1,0
rack,0.36.1,structural,rack-def-06,explicit,success,7.975667000049725,False,False,1,1,1.0,1.0,1,0,1,1,0
rack,0.36.1,hybrid,rack-def-03,explicit,success,9.967583000194281,True,False,1,1,1.0,1.0,1,0,1,1,0
rack,0.36.1,hybrid,rack-nl-01,natural,success,58.95179099985398,False,False,0,1,0.3333333333333333,0.5,N/A,N/A,N/A,N/A,N/A
rack,0.36.1,hybrid,rack-def-05,explicit,success,10.738125000149012,False,False,1,1,1.0,1.0,1,0,1,1,0
rack,0.36.1,hybrid,rack-nl-04,natural,success,49.339582999935374,False,False,0,1,0.5,0.6309297535714575,N/A,N/A,N/A,N/A,N/A
rack,0.36.1,hybrid,rack-nl-05,natural,success,38.76441700011492,False,False,0,1,0.5,0.6309297535714575,N/A,N/A,N/A,N/A,N/A
rack,0.36.1,hybrid,rack-def-04,explicit,success,9.169041000073776,False,False,1,1,1.0,1.0,1,0,1,1,0
rack,0.36.1,hybrid,rack-nl-03,natural,success,46.69133300008252,False,False,0,1,0.5,0.6309297535714575,N/A,N/A,N/A,N/A,N/A
rack,0.36.1,hybrid,rack-nl-02,natural,success,38.3761250001844,False,False,0,1,0.5,0.6309297535714575,N/A,N/A,N/A,N/A,N/A
rack,0.36.1,hybrid,rack-def-01,explicit,success,8.929250000044703,False,False,1,1,1.0,1.0,1,0,1,1,0
rack,0.36.1,hybrid,rack-def-02,explicit,success,8.098292000126094,False,False,1,1,1.0,1.0,1,0,1,1,0
rack,0.36.1,hybrid,rack-def-06,explicit,success,8.039499999955297,False,False,1,1,1.0,1.0,1,0,1,1,0
rack,0.35.3,hybrid,rack-def-03,explicit,success,4.166666999924928,True,False,1,1,1.0,1.0,1,0,1,1,0
rack,0.35.3,hybrid,rack-nl-01,natural,success,68.75375000014901,False,False,0,0,0,0.0,N/A,N/A,N/A,N/A,N/A
rack,0.35.3,hybrid,rack-def-05,explicit,success,3.906834000023082,False,False,1,1,1.0,1.0,1,0,1,1,0
rack,0.35.3,hybrid,rack-nl-04,natural,success,48.32449999987148,False,False,0,0,0,0.0,N/A,N/A,N/A,N/A,N/A
rack,0.35.3,hybrid,rack-nl-05,natural,success,46.96699999994598,False,False,0,0,0,0.0,N/A,N/A,N/A,N/A,N/A
rack,0.35.3,hybrid,rack-def-04,explicit,success,3.5844169999472797,False,False,1,1,1.0,1.0,1,0,1,1,0
rack,0.35.3,hybrid,rack-nl-03,natural,success,44.3996249998454,False,False,0,0,0,0.0,N/A,N/A,N/A,N/A,N/A
rack,0.35.3,hybrid,rack-nl-02,natural,success,35.96775000006892,False,False,0,0,0,0.0,N/A,N/A,N/A,N/A,N/A
rack,0.35.3,hybrid,rack-def-01,explicit,success,3.8515839998144656,False,False,1,1,1.0,1.0,1,0,1,1,0
rack,0.35.3,hybrid,rack-def-02,explicit,success,3.0781660000793636,False,False,1,1,1.0,1.0,1,0,1,1,0
rack,0.35.3,hybrid,rack-def-06,explicit,success,2.852707999991253,False,False,1,1,1.0,1.0,1,0,1,1,0
